cdr_id,timestamp,a_party,b_party,call_type,duration_sec,imei,imsi,first_cell_id,service_type,case_id
CDR00001,2026-09-08T19:00:00+00:00,+916634036506,+916602632297,MOC,173,352000020312447,404980402418010,404-98-16247-67237,VOICE,CASE001
CDR00002,2026-09-08T19:20:00+00:00,+916634036506,+916602632297,MOC,393,352000020312447,404980402418010,404-98-16247-67237,VOICE,CASE001
CDR00003,2026-09-08T19:40:00+00:00,+916634036506,+916602632297,MOC,7,352000020312447,404980402418010,404-98-16247-67237,VOICE,CASE001
CDR00004,2026-09-08T19:00:00+00:00,+916634036506,+918869119330,MOC,404,352000020312447,404980402418010,404-98-16247-67237,VOICE,CASE001
CDR00005,2026-09-08T19:20:00+00:00,+916634036506,+918869119330,MOC,276,352000020312447,404980402418010,404-98-16247-67237,VOICE,CASE001
CDR00006,2026-09-08T19:40:00+00:00,+916634036506,+918869119330,MOC,470,352000020312447,404980402418010,404-98-16247-67237,VOICE,CASE001
CDR00007,2026-09-08T19:00:00+00:00,+916634036506,+918298362082,MOC,297,352000020312447,404980402418010,404-98-16247-67237,VOICE,CASE001
CDR00008,2026-09-08T19:20:00+00:00,+916634036506,+918298362082,MOC,438,352000020312447,404980402418010,404-98-16247-67237,VOICE,CASE001
CDR00009,2026-09-08T19:40:00+00:00,+916634036506,+918298362082,MOC,574,352000020312447,404980402418010,404-98-16247-67237,VOICE,CASE001
CDR00010,2026-09-08T19:00:00+00:00,+916634036506,+916385451171,MOC,503,352000020312447,404980402418010,404-98-16247-67237,VOICE,CASE001
CDR00011,2026-09-08T19:20:00+00:00,+916634036506,+916385451171,MOC,163,352000020312447,404980402418010,404-98-16247-67237,VOICE,CASE001
CDR00012,2026-09-08T19:40:00+00:00,+916634036506,+916385451171,MOC,199,352000020312447,404980402418010,404-98-16247-67237,VOICE,CASE001
CDR00013,2026-09-08T20:32:00+00:00,+916026855092,+916634036506,MOC,308,352000020312447,404983875962612,404-98-49265-14434,VOICE,CASE001
CDR00014,2026-09-06T07:05:00+00:00,+917547099690,+919640389325,MOC,241,352000157924956,404980470939445,404-98-42120-21969,VOICE,CASE001
CDR00015,2026-09-03T14:51:00+00:00,+917573528321,+917452991960,MOC,328,352000101713398,404986280359794,404-98-18691-84886,VOICE,CASE001
CDR00016,2026-09-19T05:48:00+00:00,+917573528321,+917452991960,MOC,194,352000101713398,404986280359794,404-98-18691-84886,VOICE,CASE001
CDR00017,2026-09-16T21:22:00+00:00,+919424806516,+917452991960,MOC,288,352000131498119,404981137651678,404-98-17162-74579,VOICE,CASE001
CDR00018,2026-09-18T17:32:00+00:00,+917452991960,+916245824373,MOC,294,352000304851003,404983965395580,404-98-30041-73132,VOICE,CASE001
CDR00019,2026-09-03T16:31:00+00:00,+917573528321,+916634036506,MOC,308,352000101713398,404986280359794,404-98-18691-84886,VOICE,CASE001
CDR00020,2026-09-03T00:29:00+00:00,+918802099969,+916775340444,MOC,314,352000149414355,404986801222128,404-98-24723-29746,VOICE,CASE001
CDR00021,2026-09-19T03:55:00+00:00,+916990307112,+918859629660,MOC,134,352000075788566,404989415807788,404-98-5558-7006,VOICE,CASE001
CDR00022,2026-08-28T08:03:00+00:00,+917547099690,+917830075810,MOC,571,352000157924956,404980470939445,404-98-42120-21969,VOICE,CASE001
CDR00023,2026-08-31T14:25:00+00:00,+919640389325,+918859629660,MOC,507,352000164001566,404984047709743,404-98-45583-16014,VOICE,CASE001
CDR00024,2026-09-20T23:31:00+00:00,+917573528321,+916990307112,MOC,296,352000101713398,404986280359794,404-98-18691-84886,VOICE,CASE001
CDR00025,2026-09-10T08:38:00+00:00,+919590347116,+917942755630,MOC,193,352000225533060,404989453871839,404-98-21428-53296,VOICE,CASE001
CDR00026,2026-09-16T14:18:00+00:00,+917830075810,+917547099690,MOC,121,352000082914767,404987877444318,404-98-11659-49520,VOICE,CASE001
CDR00027,2026-09-13T02:10:00+00:00,+916634036506,+918224956459,MOC,508,352000020312447,404980402418010,404-98-16247-67237,VOICE,CASE001
CDR00028,2026-09-23T12:01:00+00:00,+918224956459,+916245824373,MOC,59,352000097359115,404982783290795,404-98-40920-84227,VOICE,CASE001
CDR00029,2026-09-20T11:16:00+00:00,+917735098955,+916026855092,MOC,316,352000110586553,404985649827836,404-98-18546-9675,VOICE,CASE001
CDR00030,2026-08-31T05:52:00+00:00,+918224956459,+918802099969,MOC,576,352000097359115,404982783290795,404-98-40920-84227,VOICE,CASE001
CDR00031,2026-09-22T10:45:00+00:00,+916054318806,+916643111853,MOC,236,352000314261565,404986380780055,404-98-15008-53565,VOICE,CASE001
CDR00032,2026-09-12T03:58:00+00:00,+916054318806,+918470406376,MOC,466,352000314261565,404986380780055,404-98-15008-53565,VOICE,CASE001
CDR00033,2026-09-21T15:19:00+00:00,+917942755630,+919640389325,MOC,444,352000217674609,404983289233844,404-98-9414-87474,VOICE,CASE001
CDR00034,2026-09-23T02:49:00+00:00,+919640389325,+916245824373,MOC,66,352000164001566,404984047709743,404-98-45583-16014,VOICE,CASE001
CDR00035,2026-08-30T08:53:00+00:00,+917578998028,+917452991960,MOC,217,352000269809574,404986769777475,404-98-16925-62993,VOICE,CASE001
CDR00036,2026-09-06T21:33:00+00:00,+919204451095,+919424806516,MOC,88,352000276909938,404986146318035,404-98-28759-54883,VOICE,CASE001
CDR00037,2026-09-02T18:21:00+00:00,+917980472440,+918802099969,MOC,570,352000129189381,404987378385615,404-98-14934-86909,VOICE,CASE001
CDR00038,2026-08-25T23:25:00+00:00,+918224956459,+917980472440,MOC,423,352000097359115,404982783290795,404-98-40920-84227,VOICE,CASE001
CDR00039,2026-09-21T21:06:00+00:00,+917942755630,+918859629660,MOC,486,352000217674609,404983289233844,404-98-9414-87474,VOICE,CASE001
CDR00040,2026-09-05T09:20:00+00:00,+919640389325,+917830075810,MOC,300,352000164001566,404984047709743,404-98-45583-16014,VOICE,CASE001
CDR00041,2026-09-26T20:20:00+00:00,+918859629660,+919640389325,MOC,469,352000292607359,404980822873088,404-98-36146-59800,VOICE,CASE001
CDR00042,2026-09-05T11:27:00+00:00,+918224956459,+919927537643,MOC,275,352000097359115,404982783290795,404-98-40920-84227,VOICE,CASE001
CDR00043,2026-09-21T16:42:00+00:00,+916026855092,+919204451095,MOC,207,352000012567875,404980958682846,404-98-49265-14434,VOICE,CASE001
CDR00044,2026-09-19T15:18:00+00:00,+916643111853,+917573528321,MOC,235,352000200204224,404987760038701,404-98-16692-8592,VOICE,CASE001
CDR00045,2026-09-06T22:38:00+00:00,+919204451095,+917735098955,MOC,150,352000276909938,404986146318035,404-98-28759-54883,VOICE,CASE001
CDR00046,2026-09-02T09:43:00+00:00,+918224956459,+917830075810,MOC,319,352000097359115,404982783290795,404-98-40920-84227,VOICE,CASE001
CDR00047,2026-09-20T18:13:00+00:00,+917578998028,+917452991960,MOC,300,352000269809574,404986769777475,404-98-16925-62993,VOICE,CASE001
CDR00048,2026-09-16T04:26:00+00:00,+917942755630,+917573528321,MOC,316,352000217674609,404983289233844,404-98-9414-87474,VOICE,CASE001
CDR00049,2026-09-07T05:51:00+00:00,+918859629660,+918903735581,MOC,517,352000292607359,404980822873088,404-98-36146-59800,VOICE,CASE001
CDR00050,2026-09-14T18:38:00+00:00,+918022585366,+919590347116,MOC,87,352000242412926,404982527331058,404-98-1471-10305,VOICE,CASE001
CDR00051,2026-09-14T12:23:00+00:00,+917578998028,+917830075810,MOC,335,352000269809574,404986769777475,404-98-16925-62993,VOICE,CASE001
CDR00052,2026-08-27T00:45:00+00:00,+917578998028,+917547099690,MOC,98,352000269809574,404986769777475,404-98-16925-62993,VOICE,CASE001
CDR00053,2026-09-21T00:46:00+00:00,+918802099969,+919927537643,MOC,26,352000149414355,404986801222128,404-98-24723-29746,VOICE,CASE001
CDR00054,2026-09-07T02:52:00+00:00,+916054318806,+919927537643,MOC,595,352000314261565,404986380780055,404-98-15008-53565,VOICE,CASE001
CDR00055,2026-09-02T19:51:00+00:00,+917830075810,+916054318806,MOC,486,352000082914767,404987877444318,404-98-11659-49520,VOICE,CASE001
CDR00056,2026-09-14T23:31:00+00:00,+918470406376,+919204451095,MOC,289,352000234734170,404980519709079,404-98-15725-9392,VOICE,CASE001
CDR00057,2026-09-14T16:36:00+00:00,+917980472440,+916245824373,MOC,508,352000129189381,404987378385615,404-98-14934-86909,VOICE,CASE001
CDR00058,2026-09-10T16:33:00+00:00,+918224956459,+919590347116,MOC,423,352000097359115,404982783290795,404-98-40920-84227,VOICE,CASE001
CDR00059,2026-08-30T14:45:00+00:00,+918825276600,+919927537643,MOC,169,352000171169703,404985555540744,404-98-11365-60470,VOICE,CASE001
CDR00060,2026-09-26T10:10:00+00:00,+918825276600,+916643111853,MOC,512,352000171169703,404985555540744,404-98-11365-60470,VOICE,CASE001
CDR00061,2026-09-13T01:54:00+00:00,+919640389325,+919927537643,MOC,568,352000164001566,404984047709743,404-98-45583-16014,VOICE,CASE001
CDR00062,2026-08-29T20:41:00+00:00,+917830075810,+917942755630,MOC,327,352000082914767,404987877444318,404-98-11659-49520,VOICE,CASE001
CDR00063,2026-08-31T03:07:00+00:00,+917547099690,+918825276600,MOC,418,352000157924956,404980470939445,404-98-42120-21969,VOICE,CASE001
CDR00064,2026-08-25T21:45:00+00:00,+918470406376,+916634036506,MOC,560,352000234734170,404980519709079,404-98-15725-9392,VOICE,CASE001
CDR00065,2026-08-28T07:42:00+00:00,+917942755630,+916643111853,MOC,197,352000217674609,404983289233844,404-98-9414-87474,VOICE,CASE001
CDR00066,2026-09-23T04:34:00+00:00,+918470406376,+916775340444,MOC,515,352000234734170,404980519709079,404-98-15725-9392,VOICE,CASE001
CDR00067,2026-08-28T04:52:00+00:00,+919204451095,+917942755630,MOC,213,352000276909938,404986146318035,404-98-28759-54883,VOICE,CASE001
CDR00068,2026-08-31T19:36:00+00:00,+917547099690,+918022585366,MOC,299,352000157924956,404980470939445,404-98-42120-21969,VOICE,CASE001
CDR00069,2026-09-16T21:56:00+00:00,+917942755630,+918859629660,MOC,129,352000217674609,404983289233844,404-98-9414-87474,VOICE,CASE001
CDR00070,2026-09-22T13:33:00+00:00,+916990307112,+919204451095,MOC,250,352000075788566,404989415807788,404-98-5558-7006,VOICE,CASE001
CDR00071,2026-09-08T23:55:00+00:00,+918859629660,+917980472440,MOC,569,352000292607359,404980822873088,404-98-36146-59800,VOICE,CASE001
CDR00072,2026-09-13T10:08:00+00:00,+916990307112,+918022585366,MOC,100,352000075788566,404989415807788,404-98-5558-7006,VOICE,CASE001
CDR00073,2026-08-31T00:25:00+00:00,+918802099969,+916634036506,MOC,477,352000149414355,404986801222128,404-98-24723-29746,VOICE,CASE001
CDR00074,2026-09-01T20:40:00+00:00,+917573528321,+919204451095,MOC,515,352000101713398,404986280359794,404-98-18691-84886,VOICE,CASE001
CDR00075,2026-09-18T00:19:00+00:00,+918859629660,+919640389325,MOC,284,352000292607359,404980822873088,404-98-36146-59800,VOICE,CASE001
CDR00076,2026-09-16T19:31:00+00:00,+916643111853,+916634036506,MOC,488,352000200204224,404987760038701,404-98-16692-8592,VOICE,CASE001
CDR00077,2026-09-19T22:37:00+00:00,+918802099969,+917942755630,MOC,153,352000149414355,404986801222128,404-98-24723-29746,VOICE,CASE001
CDR00078,2026-09-22T03:10:00+00:00,+918903735581,+919424806516,MOC,525,352000196385516,404980854316681,404-98-25504-22174,VOICE,CASE001
CDR00079,2026-08-29T00:45:00+00:00,+917452991960,+917735098955,MOC,287,352000304851003,404983965395580,404-98-30041-73132,VOICE,CASE001
CDR00080,2026-09-13T17:43:00+00:00,+916054318806,+916026855092,MOC,353,352000314261565,404986380780055,404-98-15008-53565,VOICE,CASE001
CDR00081,2026-09-07T00:19:00+00:00,+916026855092,+918470406376,MOC,7,352000012567875,404980958682846,404-98-49265-14434,VOICE,CASE001
CDR00082,2026-09-08T10:36:00+00:00,+919640389325,+917452991960,MOC,598,352000164001566,404984047709743,404-98-45583-16014,VOICE,CASE001
CDR00083,2026-09-01T14:48:00+00:00,+919927537643,+919590347116,MOC,462,352000287060739,404982775320897,404-98-4972-53772,VOICE,CASE001
CDR00084,2026-09-10T13:28:00+00:00,+918022585366,+919590347116,MOC,345,352000242412926,404982527331058,404-98-1471-10305,VOICE,CASE001
CDR00085,2026-09-19T14:04:00+00:00,+918022585366,+916054318806,MOC,391,352000242412926,404982527331058,404-98-1471-10305,VOICE,CASE001
CDR00086,2026-09-03T10:33:00+00:00,+917942755630,+918825276600,MOC,249,352000217674609,404983289233844,404-98-9414-87474,VOICE,CASE001
CDR00087,2026-09-05T11:36:00+00:00,+916245824373,+918903735581,MOC,425,352000255391314,404985317189421,404-98-44842-64624,VOICE,CASE001
CDR00088,2026-09-16T09:06:00+00:00,+917830075810,+918825276600,MOC,395,352000082914767,404987877444318,404-98-11659-49520,VOICE,CASE001
CDR00089,2026-09-24T12:40:00+00:00,+918903735581,+919927537643,MOC,160,352000196385516,404980854316681,404-98-25504-22174,VOICE,CASE001
CDR00090,2026-08-31T14:23:00+00:00,+919590347116,+917830075810,MOC,519,352000225533060,404989453871839,404-98-21428-53296,VOICE,CASE001
CDR00091,2026-08-30T10:07:00+00:00,+916245824373,+918825276600,MOC,455,352000255391314,404985317189421,404-98-44842-64624,VOICE,CASE001
CDR00092,2026-09-15T15:35:00+00:00,+917573528321,+918470406376,MOC,20,352000101713398,404986280359794,404-98-18691-84886,VOICE,CASE001
CDR00093,2026-09-13T12:18:00+00:00,+917452991960,+917735098955,MOC,163,352000304851003,404983965395580,404-98-30041-73132,VOICE,CASE001
CDR00094,2026-09-06T21:58:00+00:00,+918224956459,+919590347116,MOC,351,352000097359115,404982783290795,404-98-40920-84227,VOICE,CASE001
CDR00095,2026-09-12T22:39:00+00:00,+917578998028,+918859629660,MOC,87,352000269809574,404986769777475,404-98-16925-62993,VOICE,CASE001
CDR00096,2026-09-19T03:21:00+00:00,+918825276600,+919927537643,MOC,394,352000171169703,404985555540744,404-98-11365-60470,VOICE,CASE001
CDR00097,2026-09-27T13:31:00+00:00,+918825276600,+919204451095,MOC,504,352000171169703,404985555540744,404-98-11365-60470,VOICE,CASE001
CDR00098,2026-09-22T22:55:00+00:00,+918022585366,+917830075810,MOC,75,352000242412926,404982527331058,404-98-1471-10305,VOICE,CASE001
CDR00099,2026-09-26T00:02:00+00:00,+918802099969,+919204451095,MOC,299,352000149414355,404986801222128,404-98-24723-29746,VOICE,CASE001
CDR00100,2026-08-29T23:13:00+00:00,+918802099969,+917452991960,MOC,449,352000149414355,404986801222128,404-98-24723-29746,VOICE,CASE001
CDR00101,2026-09-23T16:43:00+00:00,+917573528321,+916054318806,MOC,107,352000101713398,404986280359794,404-98-18691-84886,VOICE,CASE001
CDR00102,2026-09-26T10:32:00+00:00,+917942755630,+917980472440,MOC,311,352000217674609,404983289233844,404-98-9414-87474,VOICE,CASE001
CDR00103,2026-09-09T14:48:00+00:00,+916990307112,+917830075810,MOC,62,352000075788566,404989415807788,404-98-5558-7006,VOICE,CASE001
CDR00104,2026-09-11T21:55:00+00:00,+919640389325,+916775340444,MOC,446,352000164001566,404984047709743,404-98-45583-16014,VOICE,CASE001
CDR00105,2026-09-19T00:40:00+00:00,+917735098955,+918802099969,MOC,426,352000110586553,404985649827836,404-98-18546-9675,VOICE,CASE001
CDR00106,2026-09-03T01:10:00+00:00,+916245824373,+919927537643,MOC,179,352000255391314,404985317189421,404-98-44842-64624,VOICE,CASE001
CDR00107,2026-09-22T14:13:00+00:00,+917980472440,+918224956459,MOC,396,352000129189381,404987378385615,404-98-14934-86909,VOICE,CASE001
CDR00108,2026-09-05T19:33:00+00:00,+917578998028,+919927537643,MOC,514,352000269809574,404986769777475,404-98-16925-62993,VOICE,CASE001
CDR00109,2026-09-05T10:06:00+00:00,+916245824373,+917735098955,MOC,477,352000255391314,404985317189421,404-98-44842-64624,VOICE,CASE001
CDR00110,2026-09-15T18:28:00+00:00,+919204451095,+917547099690,MOC,266,352000276909938,404986146318035,404-98-28759-54883,VOICE,CASE001
CDR00111,2026-09-16T00:40:00+00:00,+919927537643,+916990307112,MOC,299,352000287060739,404982775320897,404-98-4972-53772,VOICE,CASE001
CDR00112,2026-09-02T01:03:00+00:00,+919927537643,+918022585366,MOC,80,352000287060739,404982775320897,404-98-4972-53772,VOICE,CASE001
CDR00113,2026-09-21T14:17:00+00:00,+917942755630,+916775340444,MOC,311,352000217674609,404983289233844,404-98-9414-87474,VOICE,CASE001
CDR00114,2026-09-26T06:30:00+00:00,+919204451095,+916643111853,MOC,261,352000276909938,404986146318035,404-98-28759-54883,VOICE,CASE001
CDR00115,2026-09-03T22:05:00+00:00,+917942755630,+919640389325,MOC,398,352000217674609,404983289233844,404-98-9414-87474,VOICE,CASE001
CDR00116,2026-09-05T15:35:00+00:00,+919590347116,+917573528321,MOC,395,352000225533060,404989453871839,404-98-21428-53296,VOICE,CASE001
CDR00117,2026-09-21T00:20:00+00:00,+916245824373,+916775340444,MOC,307,352000255391314,404985317189421,404-98-44842-64624,VOICE,CASE001
CDR00118,2026-08-26T20:27:00+00:00,+918859629660,+919640389325,MOC,410,352000292607359,404980822873088,404-98-36146-59800,VOICE,CASE001
CDR00119,2026-09-20T14:38:00+00:00,+917547099690,+916990307112,MOC,55,352000157924956,404980470939445,404-98-42120-21969,VOICE,CASE001
CDR00120,2026-09-17T11:03:00+00:00,+917578998028,+917452991960,MOC,298,352000269809574,404986769777475,404-98-16925-62993,VOICE,CASE001
CDR00121,2026-09-05T07:51:00+00:00,+916054318806,+916026855092,MOC,365,352000314261565,404986380780055,404-98-15008-53565,VOICE,CASE001
CDR00122,2026-09-03T12:10:00+00:00,+918802099969,+919204451095,MOC,261,352000149414355,404986801222128,404-98-24723-29746,VOICE,CASE001
CDR00123,2026-09-27T15:56:00+00:00,+919927537643,+916054318806,MOC,145,352000287060739,404982775320897,404-98-4972-53772,VOICE,CASE001
CDR00124,2026-09-23T09:51:00+00:00,+919204451095,+917573528321,MOC,45,352000276909938,404986146318035,404-98-28759-54883,VOICE,CASE001
CDR00125,2026-09-14T21:59:00+00:00,+919640389325,+916026855092,MOC,39,352000164001566,404984047709743,404-98-45583-16014,VOICE,CASE001
CDR00126,2026-08-31T20:02:00+00:00,+916245824373,+916775340444,MOC,97,352000255391314,404985317189421,404-98-44842-64624,VOICE,CASE001
CDR00127,2026-09-13T18:20:00+00:00,+919640389325,+918825276600,MOC,184,352000164001566,404984047709743,404-98-45583-16014,VOICE,CASE001
CDR00128,2026-09-19T09:40:00+00:00,+919424806516,+917735098955,MOC,379,352000131498119,404981137651678,404-98-17162-74579,VOICE,CASE001
CDR00129,2026-09-02T08:13:00+00:00,+918470406376,+917547099690,MOC,268,352000234734170,404980519709079,404-98-15725-9392,VOICE,CASE001
CDR00130,2026-09-08T06:52:00+00:00,+916634036506,+919590347116,MOC,351,352000020312447,404980402418010,404-98-16247-67237,VOICE,CASE001
CDR00131,2026-09-16T04:02:00+00:00,+916026855092,+917573528321,MOC,82,352000012567875,404980958682846,404-98-49265-14434,VOICE,CASE001
CDR00132,2026-09-05T02:55:00+00:00,+917735098955,+916054318806,MOC,411,352000110586553,404985649827836,404-98-18546-9675,VOICE,CASE001
CDR00133,2026-09-11T12:01:00+00:00,+916026855092,+918022585366,MOC,97,352000012567875,404980958682846,404-98-49265-14434,VOICE,CASE001
CDR00134,2026-08-26T11:42:00+00:00,+916026855092,+918903735581,MOC,275,352000012567875,404980958682846,404-98-49265-14434,VOICE,CASE001
CDR00135,2026-09-15T13:14:00+00:00,+918022585366,+917573528321,MOC,382,352000242412926,404982527331058,404-98-1471-10305,VOICE,CASE001
CDR00136,2026-09-25T10:52:00+00:00,+919927537643,+917452991960,MOC,273,352000287060739,404982775320897,404-98-4972-53772,VOICE,CASE001
CDR00137,2026-09-23T21:57:00+00:00,+916245824373,+918903735581,MOC,385,352000255391314,404985317189421,404-98-44842-64624,VOICE,CASE001
CDR00138,2026-09-05T11:53:00+00:00,+917573528321,+919927537643,MOC,487,352000101713398,404986280359794,404-98-18691-84886,VOICE,CASE001
CDR00139,2026-09-20T09:42:00+00:00,+916990307112,+917578998028,MOC,340,352000075788566,404989415807788,404-98-5558-7006,VOICE,CASE001
CDR00140,2026-09-24T07:54:00+00:00,+917578998028,+918802099969,MOC,69,352000269809574,404986769777475,404-98-16925-62993,VOICE,CASE001
CDR00141,2026-09-15T23:36:00+00:00,+919204451095,+916634036506,MOC,314,352000276909938,404986146318035,404-98-28759-54883,VOICE,CASE001
CDR00142,2026-08-31T03:56:00+00:00,+919204451095,+916643111853,MOC,148,352000276909938,404986146318035,404-98-28759-54883,VOICE,CASE001
CDR00143,2026-09-17T06:34:00+00:00,+917830075810,+919640389325,MOC,123,352000082914767,404987877444318,404-98-11659-49520,VOICE,CASE001
CDR00144,2026-09-19T07:38:00+00:00,+917573528321,+918802099969,MOC,143,352000101713398,404986280359794,404-98-18691-84886,VOICE,CASE001
CDR00145,2026-09-11T17:44:00+00:00,+918903735581,+917942755630,MOC,558,352000196385516,404980854316681,404-98-25504-22174,VOICE,CASE001
CDR00146,2026-09-01T21:16:00+00:00,+916643111853,+916245824373,MOC,429,352000200204224,404987760038701,404-98-16692-8592,VOICE,CASE001
CDR00147,2026-09-17T02:59:00+00:00,+919204451095,+917573528321,MOC,422,352000276909938,404986146318035,404-98-28759-54883,VOICE,CASE001
CDR00148,2026-09-26T06:28:00+00:00,+917547099690,+917830075810,MOC,384,352000157924956,404980470939445,404-98-42120-21969,VOICE,CASE001
CDR00149,2026-09-15T02:13:00+00:00,+919424806516,+917942755630,MOC,246,352000131498119,404981137651678,404-98-17162-74579,VOICE,CASE001
CDR00150,2026-09-26T01:26:00+00:00,+916775340444,+917573528321,MOC,381,352000182761837,404983272602734,404-98-34271-14947,VOICE,CASE001
CDR00151,2026-09-11T04:16:00+00:00,+918022585366,+919204451095,MOC,67,352000242412926,404982527331058,404-98-1471-10305,VOICE,CASE001
CDR00152,2026-09-03T11:49:00+00:00,+918903735581,+917547099690,MOC,130,352000196385516,404980854316681,404-98-25504-22174,VOICE,CASE001
CDR00153,2026-08-30T00:37:00+00:00,+916634036506,+917942755630,MOC,222,352000020312447,404980402418010,404-98-16247-67237,VOICE,CASE001
CDR00154,2026-08-26T19:49:00+00:00,+919204451095,+917578998028,MOC,56,352000276909938,404986146318035,404-98-28759-54883,VOICE,CASE001
CDR00155,2026-09-05T22:32:00+00:00,+916026855092,+918825276600,MOC,133,352000012567875,404980958682846,404-98-49265-14434,VOICE,CASE001
CDR00156,2026-09-04T04:38:00+00:00,+916026855092,+916245824373,MOC,75,352000012567875,404980958682846,404-98-49265-14434,VOICE,CASE001
CDR00157,2026-09-20T01:50:00+00:00,+916634036506,+916054318806,MOC,217,352000020312447,404980402418010,404-98-16247-67237,VOICE,CASE001
CDR00158,2026-09-05T10:59:00+00:00,+916245824373,+919424806516,MOC,341,352000255391314,404985317189421,404-98-44842-64624,VOICE,CASE001
CDR00159,2026-09-21T23:28:00+00:00,+916054318806,+917735098955,MOC,7,352000314261565,404986380780055,404-98-15008-53565,VOICE,CASE001
CDR00160,2026-08-31T18:29:00+00:00,+917547099690,+917735098955,MOC,558,352000157924956,404980470939445,404-98-42120-21969,VOICE,CASE001
CDR00161,2026-09-02T19:05:00+00:00,+917547099690,+916026855092,MOC,117,352000157924956,404980470939445,404-98-42120-21969,VOICE,CASE001
CDR00162,2026-08-31T20:27:00+00:00,+919927537643,+916990307112,MOC,20,352000287060739,404982775320897,404-98-4972-53772,VOICE,CASE001
CDR00163,2026-09-05T16:23:00+00:00,+916775340444,+916026855092,MOC,336,352000182761837,404983272602734,404-98-34271-14947,VOICE,CASE001
CDR00164,2026-09-06T22:21:00+00:00,+916990307112,+917980472440,MOC,58,352000075788566,404989415807788,404-98-5558-7006,VOICE,CASE001
CDR00165,2026-09-14T00:18:00+00:00,+917735098955,+917452991960,MOC,543,352000110586553,404985649827836,404-98-18546-9675,VOICE,CASE001
CDR00166,2026-08-28T17:55:00+00:00,+917573528321,+917452991960,MOC,492,352000101713398,404986280359794,404-98-18691-84886,VOICE,CASE001
CDR00167,2026-09-11T07:56:00+00:00,+917942755630,+916054318806,MOC,530,352000217674609,404983289233844,404-98-9414-87474,VOICE,CASE001
CDR00168,2026-09-15T10:12:00+00:00,+916245824373,+917573528321,MOC,520,352000255391314,404985317189421,404-98-44842-64624,VOICE,CASE001
CDR00169,2026-08-27T19:51:00+00:00,+918802099969,+917578998028,MOC,538,352000149414355,404986801222128,404-98-24723-29746,VOICE,CASE001
CDR00170,2026-09-24T03:11:00+00:00,+919640389325,+917942755630,MOC,36,352000164001566,404984047709743,404-98-45583-16014,VOICE,CASE001
CDR00171,2026-09-13T03:10:00+00:00,+917830075810,+919590347116,MOC,441,352000082914767,404987877444318,404-98-11659-49520,VOICE,CASE001
CDR00172,2026-09-17T04:00:00+00:00,+919927537643,+917573528321,MOC,459,352000287060739,404982775320897,404-98-4972-53772,VOICE,CASE001
CDR00173,2026-09-22T12:55:00+00:00,+918224956459,+918825276600,MOC,156,352000097359115,404982783290795,404-98-40920-84227,VOICE,CASE001
CDR00174,2026-09-07T08:53:00+00:00,+918224956459,+917735098955,MOC,566,352000097359115,404982783290795,404-98-40920-84227,VOICE,CASE001
CDR00175,2026-09-12T04:32:00+00:00,+918859629660,+918825276600,MOC,548,352000292607359,404980822873088,404-98-36146-59800,VOICE,CASE001
CDR00176,2026-09-17T20:41:00+00:00,+919640389325,+917942755630,MOC,445,352000164001566,404984047709743,404-98-45583-16014,VOICE,CASE001
CDR00177,2026-09-26T19:01:00+00:00,+917573528321,+916026855092,MOC,122,352000101713398,404986280359794,404-98-18691-84886,VOICE,CASE001
CDR00178,2026-09-19T22:42:00+00:00,+919204451095,+916054318806,MOC,225,352000276909938,404986146318035,404-98-28759-54883,VOICE,CASE001
CDR00179,2026-09-05T06:04:00+00:00,+916643111853,+917942755630,MOC,428,352000200204224,404987760038701,404-98-16692-8592,VOICE,CASE001
CDR00180,2026-09-15T11:50:00+00:00,+918825276600,+916634036506,MOC,413,352000171169703,404985555540744,404-98-11365-60470,VOICE,CASE001
CDR00181,2026-08-30T04:21:00+00:00,+916643111853,+917452991960,MOC,325,352000200204224,404987760038701,404-98-16692-8592,VOICE,CASE001
CDR00182,2026-09-25T02:58:00+00:00,+916643111853,+918825276600,MOC,266,352000200204224,404987760038701,404-98-16692-8592,VOICE,CASE001
CDR00183,2026-09-26T02:41:00+00:00,+916775340444,+917735098955,MOC,490,352000182761837,404983272602734,404-98-34271-14947,VOICE,CASE001
CDR00184,2026-08-29T17:44:00+00:00,+918224956459,+916634036506,MOC,100,352000097359115,404982783290795,404-98-40920-84227,VOICE,CASE001
CDR00185,2026-09-11T19:31:00+00:00,+916643111853,+917573528321,MOC,138,352000200204224,404987760038701,404-98-16692-8592,VOICE,CASE001
CDR00186,2026-09-21T13:04:00+00:00,+918022585366,+917830075810,MOC,580,352000242412926,404982527331058,404-98-1471-10305,VOICE,CASE001
CDR00187,2026-09-25T08:19:00+00:00,+918022585366,+918825276600,MOC,130,352000242412926,404982527331058,404-98-1471-10305,VOICE,CASE001
CDR00188,2026-09-25T03:13:00+00:00,+916643111853,+916775340444,MOC,438,352000200204224,404987760038701,404-98-16692-8592,VOICE,CASE001
CDR00189,2026-09-07T22:40:00+00:00,+917452991960,+917830075810,MOC,324,352000304851003,404983965395580,404-98-30041-73132,VOICE,CASE001
CDR00190,2026-09-21T03:44:00+00:00,+916775340444,+917573528321,MOC,524,352000182761837,404983272602734,404-98-34271-14947,VOICE,CASE001
CDR00191,2026-09-24T17:49:00+00:00,+919424806516,+917735098955,MOC,498,352000131498119,404981137651678,404-98-17162-74579,VOICE,CASE001
CDR00192,2026-09-10T18:55:00+00:00,+918802099969,+917573528321,MOC,574,352000149414355,404986801222128,404-98-24723-29746,VOICE,CASE001
CDR00193,2026-09-07T12:46:00+00:00,+916775340444,+917573528321,MOC,592,352000182761837,404983272602734,404-98-34271-14947,VOICE,CASE001
CDR00194,2026-09-14T09:12:00+00:00,+918802099969,+916026855092,MOC,579,352000149414355,404986801222128,404-98-24723-29746,VOICE,CASE001
CDR00195,2026-09-23T03:35:00+00:00,+916054318806,+916634036506,MOC,575,352000314261565,404986380780055,404-98-15008-53565,VOICE,CASE001
CDR00196,2026-09-24T19:01:00+00:00,+916990307112,+917578998028,MOC,278,352000075788566,404989415807788,404-98-5558-7006,VOICE,CASE001
CDR00197,2026-09-07T06:59:00+00:00,+916990307112,+917980472440,MOC,321,352000075788566,404989415807788,404-98-5558-7006,VOICE,CASE001
CDR00198,2026-08-26T03:10:00+00:00,+918825276600,+916775340444,MOC,190,352000171169703,404985555540744,404-98-11365-60470,VOICE,CASE001
CDR00199,2026-09-24T18:29:00+00:00,+917735098955,+916245824373,MOC,415,352000110586553,404985649827836,404-98-18546-9675,VOICE,CASE001
CDR00200,2026-09-23T16:05:00+00:00,+918224956459,+917735098955,MOC,36,352000097359115,404982783290795,404-98-40920-84227,VOICE,CASE001
CDR00201,2026-09-18T23:55:00+00:00,+918224956459,+917452991960,MOC,225,352000097359115,404982783290795,404-98-40920-84227,VOICE,CASE001
CDR00202,2026-09-15T12:00:00+00:00,+918903735581,+916643111853,MOC,354,352000196385516,404980854316681,404-98-25504-22174,VOICE,CASE001
CDR00203,2026-09-09T00:53:00+00:00,+917980472440,+916775340444,MOC,337,352000129189381,404987378385615,404-98-14934-86909,VOICE,CASE001
CDR00204,2026-09-21T23:44:00+00:00,+916054318806,+916245824373,MOC,91,352000314261565,404986380780055,404-98-15008-53565,VOICE,CASE001
CDR00205,2026-09-02T00:26:00+00:00,+917830075810,+917735098955,MOC,55,352000082914767,404987877444318,404-98-11659-49520,VOICE,CASE001
CDR00206,2026-09-07T05:42:00+00:00,+919927537643,+918224956459,MOC,458,352000287060739,404982775320897,404-98-4972-53772,VOICE,CASE001
CDR00207,2026-09-16T22:58:00+00:00,+919927537643,+916643111853,MOC,457,352000287060739,404982775320897,404-98-4972-53772,VOICE,CASE001
CDR00208,2026-09-04T15:57:00+00:00,+916643111853,+917547099690,MOC,529,352000200204224,404987760038701,404-98-16692-8592,VOICE,CASE001
CDR00209,2026-09-14T10:04:00+00:00,+917573528321,+916775340444,MOC,118,352000101713398,404986280359794,404-98-18691-84886,VOICE,CASE001
CDR00210,2026-09-25T17:35:00+00:00,+919640389325,+919927537643,MOC,503,352000164001566,404984047709743,404-98-45583-16014,VOICE,CASE001
CDR00211,2026-09-08T21:22:00+00:00,+918470406376,+919927537643,MOC,51,352000234734170,404980519709079,404-98-15725-9392,VOICE,CASE001
CDR00212,2026-09-22T03:07:00+00:00,+918802099969,+918903735581,MOC,61,352000149414355,404986801222128,404-98-24723-29746,VOICE,CASE001
CDR00213,2026-09-08T13:43:00+00:00,+916990307112,+919424806516,MOC,221,352000075788566,404989415807788,404-98-5558-7006,VOICE,CASE001
