transaction_id,timestamp,sender_account,receiver_account,amount,upi_id,transaction_type,status,reference_no,channel,case_id
TXN00001,2026-09-08T20:40:00+00:00,403832645883,886833016361,95000.00,,UPI,SUCCESS,477560595158,APP,CASE001
TXN00002,2026-09-08T20:50:00+00:00,886833016361,108028583755,30000.00,,UPI,SUCCESS,476174411141,APP,CASE001
TXN00003,2026-09-08T20:53:00+00:00,886833016361,336890980656,30000.00,,UPI,SUCCESS,499046058571,APP,CASE001
TXN00004,2026-09-08T20:56:00+00:00,886833016361,481597082643,30000.00,,UPI,SUCCESS,405641889722,APP,CASE001
TXN00005,2026-09-08T21:10:00+00:00,108028583755,136171878809,29000.00,,UPI,SUCCESS,477524771010,APP,CASE001
TXN00006,2026-09-08T21:14:00+00:00,336890980656,136171878809,29000.00,,UPI,SUCCESS,470767267818,APP,CASE001
TXN00007,2026-09-08T21:18:00+00:00,481597082643,136171878809,29000.00,,UPI,SUCCESS,423756005883,APP,CASE001
TXN00008,2026-09-08T23:30:00+00:00,136171878809,886833016361,5000.00,,UPI,SUCCESS,410771041378,APP,CASE001
TXN00009,2026-09-09T01:30:00+00:00,136171878809,305519951312,80000.00,,CASH,SUCCESS,481898675497,APP,CASE001
TXN00010,2026-09-25T01:05:00+00:00,708117155426,521179644432,1897.00,,UPI,SUCCESS,434936514319,APP,CASE001
TXN00011,2026-09-20T00:46:00+00:00,369419548116,405730753142,2746.00,,UPI,SUCCESS,439824432345,APP,CASE001
TXN00012,2026-09-27T12:19:00+00:00,895137224815,605272201394,5817.00,,UPI,SUCCESS,491068757003,APP,CASE001
TXN00013,2026-09-17T20:32:00+00:00,203484341332,200903882207,8204.00,,UPI,SUCCESS,408808114191,APP,CASE001
TXN00014,2026-09-07T10:42:00+00:00,203484341332,638263151675,922.00,,UPI,SUCCESS,442964901582,APP,CASE001
TXN00015,2026-09-23T20:23:00+00:00,281403868608,953703406284,4491.00,,UPI,SUCCESS,499478237119,APP,CASE001
TXN00016,2026-09-26T23:16:00+00:00,190532572167,708117155426,7207.00,,UPI,SUCCESS,402409076656,APP,CASE001
TXN00017,2026-09-26T07:16:00+00:00,369419548116,394936156580,2642.00,,UPI,SUCCESS,406638259771,APP,CASE001
TXN00018,2026-09-20T00:00:00+00:00,894035742189,178728590908,2626.00,,UPI,SUCCESS,419025789079,APP,CASE001
TXN00019,2026-09-11T10:47:00+00:00,517045625552,521179644432,853.00,,UPI,SUCCESS,451105492160,APP,CASE001
TXN00020,2026-09-06T05:03:00+00:00,605272201394,158965931802,1884.00,,UPI,SUCCESS,459591437379,APP,CASE001
TXN00021,2026-09-01T21:18:00+00:00,895137224815,405730753142,4078.00,,UPI,SUCCESS,425188289684,APP,CASE001
TXN00022,2026-08-26T23:34:00+00:00,726820024292,638263151675,3138.00,,UPI,SUCCESS,459832398633,APP,CASE001
TXN00023,2026-09-06T03:33:00+00:00,158965931802,405730753142,4571.00,,UPI,SUCCESS,415896868772,APP,CASE001
TXN00024,2026-09-16T06:37:00+00:00,656795048359,517045625552,3844.00,,UPI,SUCCESS,464074263026,APP,CASE001
TXN00025,2026-09-05T05:05:00+00:00,894035742189,521179644432,3852.00,,UPI,SUCCESS,490295951195,APP,CASE001
TXN00026,2026-09-09T19:02:00+00:00,605272201394,656795048359,4764.00,,UPI,SUCCESS,412302302217,APP,CASE001
TXN00027,2026-09-10T20:02:00+00:00,281403868608,200903882207,8546.00,,UPI,SUCCESS,491910918814,APP,CASE001
TXN00028,2026-08-27T02:38:00+00:00,708117155426,476415064723,2089.00,,UPI,SUCCESS,422596747212,APP,CASE001
TXN00029,2026-08-27T14:17:00+00:00,178728590908,200903882207,1976.00,,UPI,SUCCESS,458396828876,APP,CASE001
TXN00030,2026-09-09T03:07:00+00:00,894035742189,405730753142,7349.00,,UPI,SUCCESS,415081447213,APP,CASE001
TXN00031,2026-09-03T12:07:00+00:00,656795048359,178728590908,4373.00,,UPI,SUCCESS,494679919210,APP,CASE001
TXN00032,2026-09-18T12:23:00+00:00,638263151675,187525138707,3428.00,,UPI,SUCCESS,457398894166,APP,CASE001
TXN00033,2026-09-09T21:09:00+00:00,394936156580,158965931802,5343.00,,UPI,SUCCESS,499319509462,APP,CASE001
TXN00034,2026-09-08T22:19:00+00:00,521179644432,670799496139,6891.00,,UPI,SUCCESS,452940552452,APP,CASE001
TXN00035,2026-09-20T02:03:00+00:00,219664972382,521179644432,2285.00,,UPI,SUCCESS,456658521782,APP,CASE001
TXN00036,2026-09-25T16:18:00+00:00,158965931802,656795048359,3051.00,,UPI,SUCCESS,479953027759,APP,CASE001
TXN00037,2026-09-19T18:59:00+00:00,521179644432,656795048359,206.00,,UPI,SUCCESS,439959838647,APP,CASE001
TXN00038,2026-09-21T05:59:00+00:00,605272201394,638263151675,5479.00,,UPI,SUCCESS,462126651209,APP,CASE001
TXN00039,2026-09-04T13:55:00+00:00,190532572167,158965931802,8575.00,,UPI,SUCCESS,490923132197,APP,CASE001
TXN00040,2026-09-18T07:30:00+00:00,394936156580,521179644432,5691.00,,UPI,SUCCESS,491203066159,APP,CASE001
TXN00041,2026-09-03T22:00:00+00:00,521179644432,570662212985,2614.00,,UPI,SUCCESS,404399873551,APP,CASE001
TXN00042,2026-09-22T16:10:00+00:00,570662212985,388472023723,1393.00,,UPI,SUCCESS,457790572388,APP,CASE001
TXN00043,2026-09-03T16:52:00+00:00,203484341332,178728590908,6491.00,,UPI,SUCCESS,453662941333,APP,CASE001
TXN00044,2026-09-24T17:05:00+00:00,570662212985,953703406284,290.00,,UPI,SUCCESS,416687945993,APP,CASE001
TXN00045,2026-09-04T19:31:00+00:00,281403868608,638263151675,3081.00,,UPI,SUCCESS,471708395052,APP,CASE001
TXN00046,2026-09-20T05:20:00+00:00,190532572167,517045625552,4282.00,,UPI,SUCCESS,460650773366,APP,CASE001
TXN00047,2026-09-25T05:40:00+00:00,953703406284,190532572167,8902.00,,UPI,SUCCESS,477257409796,APP,CASE001
TXN00048,2026-09-14T23:54:00+00:00,895137224815,476415064723,8470.00,,UPI,SUCCESS,476909355449,APP,CASE001
TXN00049,2026-09-16T10:58:00+00:00,190532572167,726820024292,7573.00,,UPI,SUCCESS,437098473391,APP,CASE001
TXN00050,2026-09-16T21:48:00+00:00,281403868608,670799496139,4119.00,,UPI,SUCCESS,461308929199,APP,CASE001
TXN00051,2026-09-07T20:35:00+00:00,394936156580,219664972382,4041.00,,UPI,SUCCESS,444116680473,APP,CASE001
TXN00052,2026-08-29T12:30:00+00:00,476415064723,708117155426,2467.00,,UPI,SUCCESS,430712583830,APP,CASE001
TXN00053,2026-09-01T19:24:00+00:00,656795048359,219664972382,3705.00,,UPI,SUCCESS,456110435665,APP,CASE001
TXN00054,2026-09-19T13:10:00+00:00,638263151675,476415064723,7833.00,,UPI,SUCCESS,406080704047,APP,CASE001
TXN00055,2026-09-12T13:54:00+00:00,605272201394,638263151675,520.00,,UPI,SUCCESS,480597614979,APP,CASE001
TXN00056,2026-08-26T02:56:00+00:00,656795048359,388472023723,5963.00,,UPI,SUCCESS,459424002163,APP,CASE001
TXN00057,2026-09-19T17:01:00+00:00,708117155426,405730753142,3813.00,,UPI,SUCCESS,432161700729,APP,CASE001
TXN00058,2026-09-16T22:57:00+00:00,200903882207,638263151675,675.00,,UPI,SUCCESS,444619801932,APP,CASE001
TXN00059,2026-09-27T19:29:00+00:00,158965931802,656795048359,2904.00,,UPI,SUCCESS,463739486472,APP,CASE001
TXN00060,2026-09-19T03:54:00+00:00,953703406284,895137224815,641.00,,UPI,SUCCESS,455434837371,APP,CASE001
TXN00061,2026-08-27T02:06:00+00:00,178728590908,158965931802,1575.00,,UPI,SUCCESS,458595163582,APP,CASE001
TXN00062,2026-09-03T02:59:00+00:00,953703406284,190532572167,1023.00,,UPI,SUCCESS,452656970404,APP,CASE001
TXN00063,2026-09-15T13:09:00+00:00,476415064723,605272201394,5555.00,,UPI,SUCCESS,455317632535,APP,CASE001
TXN00064,2026-09-14T00:57:00+00:00,200903882207,281403868608,4333.00,,UPI,SUCCESS,412175849680,APP,CASE001
TXN00065,2026-09-19T09:41:00+00:00,388472023723,187525138707,1053.00,,UPI,SUCCESS,431567839299,APP,CASE001
TXN00066,2026-09-24T12:23:00+00:00,203484341332,394936156580,859.00,,UPI,SUCCESS,403239406957,APP,CASE001
TXN00067,2026-08-26T18:45:00+00:00,570662212985,605272201394,2696.00,,UPI,SUCCESS,418204411906,APP,CASE001
TXN00068,2026-08-31T01:26:00+00:00,388472023723,158965931802,3771.00,,UPI,SUCCESS,496486586264,APP,CASE001
TXN00069,2026-09-11T15:25:00+00:00,200903882207,281403868608,2949.00,,UPI,SUCCESS,484206667925,APP,CASE001
TXN00070,2026-08-31T01:36:00+00:00,405730753142,219664972382,2883.00,,UPI,SUCCESS,442798149836,APP,CASE001
TXN00071,2026-08-27T00:32:00+00:00,369419548116,178728590908,5311.00,,UPI,SUCCESS,492667341314,APP,CASE001
TXN00072,2026-09-03T21:07:00+00:00,656795048359,219664972382,1445.00,,UPI,SUCCESS,497032321460,APP,CASE001
TXN00073,2026-08-30T11:48:00+00:00,203484341332,570662212985,5141.00,,UPI,SUCCESS,493846294872,APP,CASE001
TXN00074,2026-09-20T14:38:00+00:00,895137224815,369419548116,872.00,,UPI,SUCCESS,474505672840,APP,CASE001
TXN00075,2026-09-11T17:15:00+00:00,638263151675,158965931802,1329.00,,UPI,SUCCESS,488072430966,APP,CASE001
TXN00076,2026-09-13T23:18:00+00:00,476415064723,187525138707,8231.00,,UPI,SUCCESS,456287860835,APP,CASE001
TXN00077,2026-09-15T18:39:00+00:00,894035742189,203484341332,2706.00,,UPI,SUCCESS,423345239530,APP,CASE001
TXN00078,2026-09-24T10:58:00+00:00,405730753142,670799496139,4625.00,,UPI,SUCCESS,476964171798,APP,CASE001
TXN00079,2026-09-16T00:15:00+00:00,281403868608,388472023723,7336.00,,UPI,SUCCESS,436904397480,APP,CASE001
TXN00080,2026-08-29T19:09:00+00:00,476415064723,570662212985,4769.00,,UPI,SUCCESS,463916119262,APP,CASE001
TXN00081,2026-09-16T00:05:00+00:00,570662212985,281403868608,6409.00,,UPI,SUCCESS,401444812497,APP,CASE001
TXN00082,2026-09-03T03:07:00+00:00,388472023723,476415064723,8188.00,,UPI,SUCCESS,448155688071,APP,CASE001
TXN00083,2026-09-07T13:57:00+00:00,200903882207,476415064723,4726.00,,UPI,SUCCESS,402387104291,APP,CASE001
TXN00084,2026-08-29T18:00:00+00:00,670799496139,605272201394,4154.00,,UPI,SUCCESS,458927271989,APP,CASE001
TXN00085,2026-09-05T18:59:00+00:00,388472023723,708117155426,8000.00,,UPI,SUCCESS,497263412323,APP,CASE001
TXN00086,2026-08-26T15:20:00+00:00,388472023723,190532572167,1724.00,,UPI,SUCCESS,431328503269,APP,CASE001
TXN00087,2026-09-05T22:15:00+00:00,656795048359,219664972382,5216.00,,UPI,SUCCESS,480161097906,APP,CASE001
TXN00088,2026-09-20T01:02:00+00:00,894035742189,388472023723,8898.00,,UPI,SUCCESS,457311001602,APP,CASE001
TXN00089,2026-09-09T21:48:00+00:00,405730753142,708117155426,5964.00,,UPI,SUCCESS,463148281147,APP,CASE001
