account_id,account_number,bank_name,branch,ifsc,account_holder,account_type,opening_date,status,person_id
A001,410200000001,ICICI Bank,Gandhinagar Main,ICIC0IN0002,Aarav Shah,SAVINGS,2025-11-14,ACTIVE,P001
A002,410200000002,Axis Bank,Surat Main,AXIS0IN0003,Vivaan Joshi,SAVINGS,2025-11-07,ACTIVE,P002
A003,410200000003,State Bank of India,Vadodara Main,SBIN0IN0004,Aditya Vora,SAVINGS,2025-10-31,ACTIVE,P003
A004,410200000004,HDFC Bank,Rajkot Main,HDFC0IN0001,Arjun Kapoor,SAVINGS,2025-10-24,ACTIVE,P004
A005,410200000005,ICICI Bank,Jaipur Main,ICIC0IN0002,Kabir Iyer,SAVINGS,2025-10-17,ACTIVE,P005
A006,410200000006,Axis Bank,Indore Main,AXIS0IN0003,Rohan Agarwal,SAVINGS,2025-10-10,ACTIVE,P006
A007,410200000007,State Bank of India,Mumbai Main,SBIN0IN0004,Yash Mehta,CURRENT,2025-10-03,ACTIVE,P007
A008,410200000008,HDFC Bank,Ahmedabad Main,HDFC0IN0001,Kunal Desai,SAVINGS,2025-09-26,ACTIVE,P008
A009,410200000009,ICICI Bank,Gandhinagar Main,ICIC0IN0002,Rakesh Malhotra,SAVINGS,2025-09-19,ACTIVE,P009
A010,410200000010,Axis Bank,Surat Main,AXIS0IN0003,Sameer Khan,SAVINGS,2025-09-12,ACTIVE,P010
A011,410200000011,State Bank of India,Vadodara Main,SBIN0IN0004,Imran Qureshi,SAVINGS,2025-09-05,ACTIVE,P011
A012,410200000012,HDFC Bank,Rajkot Main,HDFC0IN0001,Vikas Soni,SAVINGS,2025-08-29,ACTIVE,P012
A013,410200000013,ICICI Bank,Jaipur Main,ICIC0IN0002,Amit Parmar,SAVINGS,2025-08-22,ACTIVE,P013
A014,410200000014,Axis Bank,Indore Main,AXIS0IN0003,Faizan Shaikh,CURRENT,2025-08-15,ACTIVE,P014
A015,410200000015,State Bank of India,Mumbai Main,SBIN0IN0004,Mohan Yadav,SAVINGS,2025-08-08,ACTIVE,P015
A016,410200000016,HDFC Bank,Ahmedabad Main,HDFC0IN0001,Neel Shah,SAVINGS,2025-08-01,ACTIVE,P016
A017,410200000017,ICICI Bank,Gandhinagar Main,ICIC0IN0002,Karan Mehta,SAVINGS,2025-07-25,ACTIVE,P017
A018,410200000018,Axis Bank,Surat Main,AXIS0IN0003,Ritu Desai,SAVINGS,2025-07-18,ACTIVE,P018
A019,410200000019,State Bank of India,Vadodara Main,SBIN0IN0004,Anjali Vora,SAVINGS,2025-07-11,ACTIVE,P019
A020,410200000020,HDFC Bank,Rajkot Main,HDFC0IN0001,Harish Patel,SAVINGS,2025-07-04,ACTIVE,P020
A021,410200000021,ICICI Bank,Jaipur Main,ICIC0IN0002,Neha Iyer,CURRENT,2025-06-27,ACTIVE,P021
A022,410200000022,Axis Bank,Indore Main,AXIS0IN0003,Pooja Agarwal,SAVINGS,2025-06-20,ACTIVE,P022
A023,410200000023,State Bank of India,Mumbai Main,SBIN0IN0004,Simran Mehta,SAVINGS,2025-06-13,ACTIVE,P023
A024,410200000024,HDFC Bank,Ahmedabad Main,HDFC0IN0001,Kavya Desai,SAVINGS,2025-06-06,ACTIVE,P024
A025,410200000025,ICICI Bank,Gandhinagar Main,ICIC0IN0002,Maya Mistry,SAVINGS,2025-05-30,ACTIVE,P025
A026,410200000026,Axis Bank,Surat Main,AXIS0IN0003,Tara Soni,SAVINGS,2025-05-23,ACTIVE,P026
A027,410200000027,State Bank of India,Vadodara Main,SBIN0IN0004,Rahul Nair,SAVINGS,2025-05-16,ACTIVE,P027
A028,410200000028,HDFC Bank,Rajkot Main,HDFC0IN0001,Siddharth Patel,CURRENT,2025-05-09,ACTIVE,P028
A029,410200000029,ICICI Bank,Jaipur Main,ICIC0IN0002,Varun Trivedi,SAVINGS,2025-05-02,ACTIVE,P029
A030,410200000030,Axis Bank,Indore Main,AXIS0IN0003,Pranav Rathod,SAVINGS,2025-04-25,ACTIVE,P030
A031,410200000031,State Bank of India,Mumbai Main,SBIN0IN0004,Dev Bansal,SAVINGS,2025-04-18,ACTIVE,P031
A032,410200000032,HDFC Bank,Ahmedabad Main,HDFC0IN0001,Aniket Menon,SAVINGS,2025-04-11,ACTIVE,P032
A033,410200000033,ICICI Bank,Gandhinagar Main,ICIC0IN0002,Harsh Shah,SAVINGS,2025-04-04,ACTIVE,P033
A034,410200000034,Axis Bank,Surat Main,AXIS0IN0003,Mihir Joshi,SAVINGS,2025-03-28,ACTIVE,P034
A035,410200000035,State Bank of India,Vadodara Main,SBIN0IN0004,Naman Vora,CURRENT,2025-03-21,ACTIVE,P035
A036,410200000036,HDFC Bank,Rajkot Main,HDFC0IN0001,Reyansh Kapoor,SAVINGS,2025-03-14,ACTIVE,P036
A101,511000000001,ICICI Bank,Surat Branch,ICIC0IN0002,Northwind Trading Shell 1,CURRENT,2026-07-10,ACTIVE,P021
A102,511000000002,Axis Bank,Mumbai Branch,AXIS0IN0003,Northwind Trading Shell 2,CURRENT,2026-07-10,ACTIVE,P022
A103,511000000003,State Bank of India,Jaipur Branch,SBIN0IN0004,Northwind Trading Shell 3,CURRENT,2026-07-10,ACTIVE,P020
A104,511000000004,HDFC Bank,Ahmedabad Branch,HDFC0IN0001,Northwind Trading Shell 4,CURRENT,2026-07-10,ACTIVE,P021
A105,511000000005,ICICI Bank,Surat Branch,ICIC0IN0002,Northwind Trading Shell 5,CURRENT,2026-07-10,ACTIVE,P022
A106,511000000006,Axis Bank,Mumbai Branch,AXIS0IN0003,Northwind Trading Shell 6,CURRENT,2026-07-10,ACTIVE,P020
A107,511000000007,State Bank of India,Jaipur Branch,SBIN0IN0004,Northwind Trading Shell 7,CURRENT,2026-07-10,DEBIT_BLOCKED,P021
A108,511000000008,HDFC Bank,Ahmedabad Branch,HDFC0IN0001,Northwind Trading Shell 8,CURRENT,2026-07-10,ACTIVE,P022
