cdr_id,timestamp,a_party,b_party,call_type,duration_sec,imei,imsi,first_cell_id,service_type
CDR00001,2026-09-10T08:16:00+05:30,+919730000006,+919730000013,MISS,270,356789010000006,40499700000006,RJ-JAI-022,VOICE
CDR00002,2026-09-10T08:23:00+05:30,+919730000011,+919730000022,MISS,164,356789010000011,40499700000011,MP-IND-041,VOICE
CDR00003,2026-09-10T08:30:00+05:30,+919730000016,+919730000031,MOC,295,356789010000016,40499700000016,MH-MUM-031,VOICE
CDR00004,2026-09-10T08:43:00+05:30,+919730000021,+919730000004,MOC,231,356789010000021,40499700000021,GJ-SRT-011,VOICE
CDR00005,2026-09-10T08:50:00+05:30,+919730000026,+919730000013,MOC,102,356789010000026,40499700000026,MP-IND-041,VOICE
CDR00006,2026-09-10T08:55:00+05:30,+919730000031,+919730000022,MISS,325,356789010000031,40499700000031,GJ-SRT-011,VOICE
CDR00007,2026-09-10T09:03:00+05:30,+919730000036,+919730000031,MISS,385,356789010000036,40499700000036,GJ-SRT-011,VOICE
CDR00008,2026-09-10T09:18:00+05:30,+919730000005,+919730000004,MTC,287,356789010000005,40499700000005,MP-IND-041,VOICE
CDR00009,2026-09-10T09:26:00+05:30,+919730000010,+919730000013,MOC,177,356789010000010,40499700000010,MH-MUM-031,VOICE
CDR00010,2026-09-10T09:36:00+05:30,+919730000015,+919730000022,MTC,79,356789010000015,40499700000015,MP-IND-041,VOICE
CDR00011,2026-09-10T09:39:00+05:30,+919730000020,+919730000031,MOC,0,356789010000020,40499700000020,MH-MUM-031,VOICE
CDR00012,2026-09-10T09:53:00+05:30,+919730000025,+919730000004,MTC,340,356789010000025,40499700000025,GJ-AHM-001,VOICE
CDR00013,2026-09-10T10:01:00+05:30,+919730000030,+919730000013,MOC,73,356789010000030,40499700000030,GJ-GAN-004,VOICE
CDR00014,2026-09-10T10:13:00+05:30,+919730000035,+919730000022,MOC,355,356789010000035,40499700000035,MH-MUM-031,VOICE
CDR00015,2026-09-10T10:19:00+05:30,+919730000004,+919730000031,MTC,301,356789010000004,40499700000004,GJ-SRT-011,VOICE
CDR00016,2026-09-10T10:31:00+05:30,+919730000009,+919730000004,MOC,101,356789010000009,40499700000009,MH-MUM-031,VOICE
CDR00017,2026-09-10T10:35:00+05:30,+919730000014,+919730000013,MISS,194,356789010000014,40499700000014,MH-MUM-031,VOICE
CDR00018,2026-09-10T10:49:00+05:30,+919730000019,+919730000022,MISS,33,356789010000019,40499700000019,GJ-AHM-001,VOICE
CDR00019,2026-09-10T10:54:00+05:30,+919730000024,+919730000031,MOC,294,356789010000024,40499700000024,GJ-SRT-011,VOICE
CDR00020,2026-09-10T11:03:00+05:30,+919730000029,+919730000004,MOC,82,356789010000029,40499700000029,MH-MUM-031,VOICE
CDR00021,2026-09-10T11:12:00+05:30,+919730000034,+919730000013,MOC,310,356789010000034,40499700000034,GJ-SRT-011,VOICE
CDR00022,2026-09-10T11:21:00+05:30,+919730000003,+919730000022,MOC,0,356789010000003,40499700000003,MH-MUM-031,VOICE
CDR00023,2026-09-10T11:32:00+05:30,+919730000008,+919730000031,MISS,310,356789010000008,40499700000008,MH-MUM-031,VOICE
CDR00024,2026-09-10T11:40:00+05:30,+919730000013,+919730000004,MOC,46,356789010000013,40499700000013,MH-MUM-031,VOICE
CDR00025,2026-09-10T11:47:00+05:30,+919730000018,+919730000013,MISS,211,356789010000018,40499700000018,GJ-AHM-001,VOICE
CDR00026,2026-09-10T11:55:00+05:30,+919730000023,+919730000022,MTC,65,356789010000023,40499700000023,MH-MUM-031,VOICE
CDR00027,2026-09-10T12:10:00+05:30,+919730000028,+919730000031,MISS,90,356789010000028,40499700000028,MH-MUM-031,VOICE
CDR00028,2026-09-10T12:13:00+05:30,+919730000033,+919730000004,MTC,275,356789010000033,40499700000033,GJ-AHM-001,VOICE
CDR00029,2026-09-10T12:27:00+05:30,+919730000002,+919730000013,MOC,19,356789010000002,40499700000002,GJ-GAN-004,VOICE
CDR00030,2026-09-10T12:32:00+05:30,+919730000007,+919730000022,MOC,264,356789010000007,40499700000007,MP-IND-041,VOICE
CDR00031,2026-09-10T12:42:00+05:30,+919730000012,+919730000031,MISS,351,356789010000012,40499700000012,MP-IND-041,VOICE
CDR00032,2026-09-10T12:48:00+05:30,+919730000017,+919730000004,MTC,151,356789010000017,40499700000017,GJ-SRT-011,VOICE
CDR00033,2026-09-10T13:00:00+05:30,+919730000022,+919730000013,MTC,0,356789010000022,40499700000022,MP-IND-041,VOICE
CDR00034,2026-09-10T13:07:00+05:30,+919730000027,+919730000022,MTC,362,356789010000027,40499700000027,MP-IND-041,VOICE
CDR00035,2026-09-10T13:21:00+05:30,+919730000032,+919730000031,MOC,124,356789010000032,40499700000032,MP-IND-041,VOICE
CDR00036,2026-09-10T13:31:00+05:30,+919730000001,+919730000004,MISS,416,356789010000001,40499700000001,GJ-SRT-011,VOICE
CDR00037,2026-09-10T13:33:00+05:30,+919730000006,+919730000013,MOC,377,356789010000006,40499700000006,MH-MUM-031,VOICE
CDR00038,2026-09-10T13:48:00+05:30,+919730000011,+919730000022,MOC,399,356789010000011,40499700000011,GJ-SRT-011,VOICE
CDR00039,2026-09-10T13:56:00+05:30,+919730000016,+919730000031,MOC,55,356789010000016,40499700000016,MH-MUM-031,VOICE
CDR00040,2026-09-10T14:06:00+05:30,+919730000021,+919730000004,MOC,221,356789010000021,40499700000021,MH-MUM-031,VOICE
CDR00041,2026-09-10T14:14:00+05:30,+919730000026,+919730000013,MOC,392,356789010000026,40499700000026,GJ-AHM-001,VOICE
CDR00042,2026-09-10T14:18:00+05:30,+919730000031,+919730000022,MOC,210,356789010000031,40499700000031,MH-MUM-031,VOICE
CDR00043,2026-09-10T14:34:00+05:30,+919730000036,+919730000031,MOC,123,356789010000036,40499700000036,MH-MUM-031,VOICE
CDR00044,2026-09-10T14:43:00+05:30,+919730000005,+919730000004,MISS,0,356789010000005,40499700000005,GJ-GAN-004,VOICE
CDR00045,2026-09-10T14:51:00+05:30,+919730000010,+919730000013,MOC,359,356789010000010,40499700000010,GJ-AHM-001,VOICE
CDR00046,2026-09-10T14:54:00+05:30,+919730000015,+919730000022,MOC,27,356789010000015,40499700000015,GJ-AHM-001,VOICE
CDR00047,2026-09-10T15:09:00+05:30,+919730000020,+919730000031,MOC,214,356789010000020,40499700000020,GJ-SRT-011,VOICE
CDR00048,2026-09-10T15:18:00+05:30,+919730000025,+919730000004,MOC,390,356789010000025,40499700000025,RJ-JAI-022,VOICE
CDR00049,2026-09-10T15:21:00+05:30,+919730000030,+919730000013,MTC,121,356789010000030,40499700000030,GJ-SRT-011,VOICE
CDR00050,2026-09-10T15:30:00+05:30,+919730000035,+919730000022,MTC,319,356789010000035,40499700000035,GJ-GAN-004,VOICE
CDR00051,2026-09-10T15:44:00+05:30,+919730000004,+919730000031,MISS,383,356789010000004,40499700000004,MH-MUM-031,VOICE
CDR00052,2026-09-10T15:53:00+05:30,+919730000009,+919730000004,MISS,81,356789010000009,40499700000009,GJ-GAN-004,VOICE
CDR00053,2026-09-10T16:04:00+05:30,+919730000014,+919730000013,MOC,283,356789010000014,40499700000014,MP-IND-041,VOICE
CDR00054,2026-09-10T16:09:00+05:30,+919730000019,+919730000022,MOC,184,356789010000019,40499700000019,GJ-GAN-004,VOICE
CDR00055,2026-09-10T16:18:00+05:30,+919730000024,+919730000031,MOC,0,356789010000024,40499700000024,MP-IND-041,VOICE
CDR00056,2026-09-10T16:25:00+05:30,+919730000029,+919730000004,MTC,411,356789010000029,40499700000029,GJ-SRT-011,VOICE
CDR00057,2026-09-10T16:35:00+05:30,+919730000034,+919730000013,MTC,401,356789010000034,40499700000034,GJ-AHM-001,VOICE
CDR00058,2026-09-10T16:48:00+05:30,+919730000003,+919730000022,MOC,179,356789010000003,40499700000003,RJ-JAI-022,VOICE
CDR00059,2026-09-10T16:56:00+05:30,+919730000008,+919730000031,MOC,222,356789010000008,40499700000008,MP-IND-041,VOICE
CDR00060,2026-09-10T17:04:00+05:30,+919730000013,+919730000004,MISS,173,356789010000013,40499700000013,GJ-GAN-004,VOICE
CDR00061,2026-09-10T17:10:00+05:30,+919730000018,+919730000013,MOC,396,356789010000018,40499700000018,MP-IND-041,VOICE
CDR00062,2026-09-10T17:25:00+05:30,+919730000023,+919730000022,MOC,158,356789010000023,40499700000023,RJ-JAI-022,VOICE
CDR00063,2026-09-10T17:29:00+05:30,+919730000028,+919730000031,MISS,246,356789010000028,40499700000028,RJ-JAI-022,VOICE
CDR00064,2026-09-10T17:37:00+05:30,+919730000033,+919730000004,MISS,328,356789010000033,40499700000033,GJ-AHM-001,VOICE
CDR00065,2026-09-10T17:50:00+05:30,+919730000002,+919730000013,MISS,105,356789010000002,40499700000002,MH-MUM-031,VOICE
CDR00066,2026-09-10T17:58:00+05:30,+919730000007,+919730000022,MISS,0,356789010000007,40499700000007,MP-IND-041,VOICE
CDR00067,2026-09-10T18:09:00+05:30,+919730000012,+919730000031,MOC,273,356789010000012,40499700000012,GJ-GAN-004,VOICE
CDR00068,2026-09-10T18:12:00+05:30,+919730000017,+919730000004,MOC,206,356789010000017,40499700000017,GJ-SRT-011,VOICE
CDR00069,2026-09-10T18:27:00+05:30,+919730000022,+919730000013,MISS,340,356789010000022,40499700000022,MH-MUM-031,VOICE
CDR00070,2026-09-10T18:37:00+05:30,+919730000027,+919730000022,MTC,80,356789010000027,40499700000027,GJ-AHM-001,VOICE
CDR00071,2026-09-10T18:44:00+05:30,+919730000032,+919730000031,MTC,141,356789010000032,40499700000032,GJ-SRT-011,VOICE
CDR00072,2026-09-10T18:53:00+05:30,+919730000001,+919730000004,MOC,231,356789010000001,40499700000001,GJ-GAN-004,VOICE
CDR00073,2026-09-10T19:00:00+05:30,+919730000006,+919730000013,MOC,406,356789010000006,40499700000006,GJ-SRT-011,VOICE
CDR00074,2026-09-10T19:06:00+05:30,+919730000011,+919730000022,MOC,232,356789010000011,40499700000011,GJ-GAN-004,VOICE
CDR00075,2026-09-10T19:21:00+05:30,+919730000016,+919730000031,MOC,253,356789010000016,40499700000016,MP-IND-041,VOICE
CDR00076,2026-09-10T19:27:00+05:30,+919730000021,+919730000004,MTC,251,356789010000021,40499700000021,GJ-AHM-001,VOICE
CDR00077,2026-09-10T19:36:00+05:30,+919730000026,+919730000013,MISS,0,356789010000026,40499700000026,GJ-AHM-001,VOICE
CDR00078,2026-09-10T19:48:00+05:30,+919730000031,+919730000022,MOC,382,356789010000031,40499700000031,MP-IND-041,VOICE
CDR00079,2026-09-10T19:52:00+05:30,+919730000036,+919730000031,MOC,336,356789010000036,40499700000036,GJ-GAN-004,VOICE
CDR00080,2026-09-10T20:00:00+05:30,+919730000005,+919730000004,MOC,311,356789010000005,40499700000005,RJ-JAI-022,VOICE
CDR00081,2026-09-10T20:12:00+05:30,+919730000010,+919730000013,MOC,406,356789010000010,40499700000010,RJ-JAI-022,VOICE
CDR00082,2026-09-10T20:24:00+05:30,+919730000015,+919730000022,MOC,12,356789010000015,40499700000015,GJ-AHM-001,VOICE
CDR00083,2026-09-10T20:32:00+05:30,+919730000020,+919730000031,MTC,123,356789010000020,40499700000020,MP-IND-041,VOICE
CDR00084,2026-09-10T20:38:00+05:30,+919730000025,+919730000004,MOC,143,356789010000025,40499700000025,MP-IND-041,VOICE
CDR00085,2026-09-10T20:47:00+05:30,+919730000030,+919730000013,MTC,153,356789010000030,40499700000030,GJ-SRT-011,VOICE
CDR00086,2026-09-10T20:58:00+05:30,+919730000035,+919730000022,MOC,237,356789010000035,40499700000035,MH-MUM-031,VOICE
CDR00087,2026-09-10T21:10:00+05:30,+919730000004,+919730000031,MTC,67,356789010000004,40499700000004,MH-MUM-031,VOICE
CDR00088,2026-09-10T21:14:00+05:30,+919730000009,+919730000004,MOC,0,356789010000009,40499700000009,GJ-AHM-001,VOICE
CDR00089,2026-09-10T21:26:00+05:30,+919730000014,+919730000013,MOC,90,356789010000014,40499700000014,RJ-JAI-022,VOICE
CDR00090,2026-09-10T21:35:00+05:30,+919730000019,+919730000022,MISS,209,356789010000019,40499700000019,GJ-GAN-004,VOICE
CDR00091,2026-09-10T21:40:00+05:30,+919730000024,+919730000031,MTC,148,356789010000024,40499700000024,MP-IND-041,VOICE
CDR00092,2026-09-10T21:52:00+05:30,+919730000029,+919730000004,MTC,387,356789010000029,40499700000029,GJ-SRT-011,VOICE
CDR00093,2026-09-10T22:00:00+05:30,+919730000034,+919730000013,MTC,21,356789010000034,40499700000034,RJ-JAI-022,VOICE
CDR00094,2026-09-10T22:10:00+05:30,+919730000003,+919730000022,MISS,136,356789010000003,40499700000003,GJ-AHM-001,VOICE
CDR00095,2026-09-10T22:21:00+05:30,+919730000008,+919730000031,MTC,253,356789010000008,40499700000008,MP-IND-041,VOICE
CDR00096,2026-09-10T22:31:00+05:30,+919730000013,+919730000004,MISS,356,356789010000013,40499700000013,MH-MUM-031,VOICE
CDR00097,2026-09-10T22:35:00+05:30,+919730000018,+919730000013,MTC,404,356789010000018,40499700000018,MH-MUM-031,VOICE
CDR00098,2026-09-10T22:42:00+05:30,+919730000023,+919730000022,MOC,361,356789010000023,40499700000023,MH-MUM-031,VOICE
CDR00099,2026-09-10T22:51:00+05:30,+919730000028,+919730000031,MOC,0,356789010000028,40499700000028,RJ-JAI-022,VOICE
CDR00100,2026-09-10T23:05:00+05:30,+919730000033,+919730000004,MTC,15,356789010000033,40499700000033,GJ-GAN-004,VOICE
CDR00101,2026-09-10T23:10:00+05:30,+919730000002,+919730000013,MTC,63,356789010000002,40499700000002,MP-IND-041,VOICE
CDR00102,2026-09-10T23:22:00+05:30,+919730000007,+919730000022,MTC,163,356789010000007,40499700000007,MH-MUM-031,VOICE
CDR00103,2026-09-10T23:33:00+05:30,+919730000012,+919730000031,MISS,250,356789010000012,40499700000012,GJ-SRT-011,VOICE
CDR00104,2026-09-10T23:36:00+05:30,+919730000017,+919730000004,MOC,184,356789010000017,40499700000017,MP-IND-041,VOICE
CDR00105,2026-09-10T23:51:00+05:30,+919730000022,+919730000013,MOC,269,356789010000022,40499700000022,MH-MUM-031,VOICE
CDR00106,2026-09-10T23:57:00+05:30,+919730000027,+919730000022,MOC,26,356789010000027,40499700000027,GJ-GAN-004,VOICE
CDR00107,2026-09-11T00:09:00+05:30,+919730000032,+919730000031,MTC,76,356789010000032,40499700000032,MP-IND-041,VOICE
CDR00108,2026-09-11T00:18:00+05:30,+919730000001,+919730000004,MTC,355,356789010000001,40499700000001,MP-IND-041,VOICE
CDR00109,2026-09-11T00:27:00+05:30,+919730000006,+919730000013,MTC,132,356789010000006,40499700000006,MP-IND-041,VOICE
CDR00110,2026-09-11T00:30:00+05:30,+919730000011,+919730000022,MISS,0,356789010000011,40499700000011,MH-MUM-031,VOICE
CDR00111,2026-09-11T00:43:00+05:30,+919730000016,+919730000031,MOC,381,356789010000016,40499700000016,MH-MUM-031,VOICE
CDR00112,2026-09-11T00:50:00+05:30,+919730000021,+919730000004,MOC,278,356789010000021,40499700000021,MH-MUM-031,VOICE
CDR00113,2026-09-11T01:03:00+05:30,+919730000026,+919730000013,MTC,295,356789010000026,40499700000026,GJ-GAN-004,VOICE
CDR00114,2026-09-11T01:06:00+05:30,+919730000031,+919730000022,MTC,411,356789010000031,40499700000031,GJ-SRT-011,VOICE
CDR00115,2026-09-11T01:18:00+05:30,+919730000036,+919730000031,MOC,337,356789010000036,40499700000036,MH-MUM-031,VOICE
CDR00116,2026-09-11T01:29:00+05:30,+919730000005,+919730000004,MISS,143,356789010000005,40499700000005,GJ-GAN-004,VOICE
CDR00117,2026-09-11T01:39:00+05:30,+919730000010,+919730000013,MOC,42,356789010000010,40499700000010,GJ-AHM-001,VOICE
CDR00118,2026-09-11T01:48:00+05:30,+919730000015,+919730000022,MISS,115,356789010000015,40499700000015,RJ-JAI-022,VOICE
CDR00119,2026-09-11T01:55:00+05:30,+919730000020,+919730000031,MISS,276,356789010000020,40499700000020,GJ-GAN-004,VOICE
CDR00120,2026-09-11T02:01:00+05:30,+919730000025,+919730000004,MOC,148,356789010000025,40499700000025,GJ-SRT-011,VOICE
CDR00121,2026-09-11T02:14:00+05:30,+919730000030,+919730000013,MTC,0,356789010000030,40499700000030,GJ-SRT-011,VOICE
CDR00122,2026-09-11T02:21:00+05:30,+919730000035,+919730000022,MTC,128,356789010000035,40499700000035,GJ-AHM-001,VOICE
CDR00123,2026-09-11T02:31:00+05:30,+919730000004,+919730000031,MISS,261,356789010000004,40499700000004,GJ-AHM-001,VOICE
CDR00124,2026-09-11T02:40:00+05:30,+919730000009,+919730000004,MTC,124,356789010000009,40499700000009,MH-MUM-031,VOICE
CDR00125,2026-09-11T02:50:00+05:30,+919730000014,+919730000013,MISS,296,356789010000014,40499700000014,GJ-GAN-004,VOICE
CDR00126,2026-09-11T02:57:00+05:30,+919730000019,+919730000022,MOC,277,356789010000019,40499700000019,MH-MUM-031,VOICE
CDR00127,2026-09-11T03:06:00+05:30,+919730000024,+919730000031,MTC,228,356789010000024,40499700000024,GJ-SRT-011,VOICE
CDR00128,2026-09-11T03:12:00+05:30,+919730000029,+919730000004,MOC,98,356789010000029,40499700000029,RJ-JAI-022,VOICE
CDR00129,2026-09-11T03:21:00+05:30,+919730000034,+919730000013,MISS,330,356789010000034,40499700000034,MP-IND-041,VOICE
CDR00130,2026-09-11T03:34:00+05:30,+919730000003,+919730000022,MOC,333,356789010000003,40499700000003,GJ-GAN-004,VOICE
CDR00131,2026-09-11T03:46:00+05:30,+919730000008,+919730000031,MOC,28,356789010000008,40499700000008,GJ-SRT-011,VOICE
CDR00132,2026-09-11T03:53:00+05:30,+919730000013,+919730000004,MTC,0,356789010000013,40499700000013,GJ-AHM-001,VOICE
CDR00133,2026-09-11T04:02:00+05:30,+919730000018,+919730000013,MTC,76,356789010000018,40499700000018,RJ-JAI-022,VOICE
CDR00134,2026-09-11T04:09:00+05:30,+919730000023,+919730000022,MOC,147,356789010000023,40499700000023,GJ-SRT-011,VOICE
CDR00135,2026-09-11T04:22:00+05:30,+919730000028,+919730000031,MOC,296,356789010000028,40499700000028,MH-MUM-031,VOICE
CDR00136,2026-09-11T04:26:00+05:30,+919730000033,+919730000004,MISS,22,356789010000033,40499700000033,GJ-AHM-001,VOICE
CDR00137,2026-09-11T04:33:00+05:30,+919730000002,+919730000013,MOC,164,356789010000002,40499700000002,GJ-SRT-011,VOICE
CDR00138,2026-09-11T04:44:00+05:30,+919730000007,+919730000022,MOC,135,356789010000007,40499700000007,GJ-AHM-001,VOICE
CDR00139,2026-09-11T04:53:00+05:30,+919730000012,+919730000031,MTC,97,356789010000012,40499700000012,GJ-SRT-011,VOICE
CDR00140,2026-09-11T05:02:00+05:30,+919730000017,+919730000004,MOC,23,356789010000017,40499700000017,MP-IND-041,VOICE
CDR00141,2026-09-11T05:16:00+05:30,+919730000022,+919730000013,MTC,144,356789010000022,40499700000022,MH-MUM-031,VOICE
CDR00142,2026-09-11T05:19:00+05:30,+919730000027,+919730000022,MTC,69,356789010000027,40499700000027,GJ-GAN-004,VOICE
CDR00143,2026-09-11T05:30:00+05:30,+919730000032,+919730000031,MTC,0,356789010000032,40499700000032,GJ-GAN-004,VOICE
CDR00144,2026-09-11T05:36:00+05:30,+919730000001,+919730000004,MOC,75,356789010000001,40499700000001,GJ-GAN-004,VOICE
CDR00145,2026-09-11T05:47:00+05:30,+919730000006,+919730000013,MOC,284,356789010000006,40499700000006,GJ-AHM-001,VOICE
CDR00146,2026-09-11T05:59:00+05:30,+919730000011,+919730000022,MTC,371,356789010000011,40499700000011,MP-IND-041,VOICE
CDR00147,2026-09-11T06:08:00+05:30,+919730000016,+919730000031,MISS,375,356789010000016,40499700000016,GJ-SRT-011,VOICE
CDR00148,2026-09-11T06:14:00+05:30,+919730000021,+919730000004,MOC,45,356789010000021,40499700000021,RJ-JAI-022,VOICE
CDR00149,2026-09-11T06:26:00+05:30,+919730000026,+919730000013,MOC,44,356789010000026,40499700000026,MH-MUM-031,VOICE
CDR00150,2026-09-11T06:34:00+05:30,+919730000031,+919730000022,MOC,414,356789010000031,40499700000031,MP-IND-041,VOICE
CDR00151,2026-09-11T06:40:00+05:30,+919730000036,+919730000031,MTC,405,356789010000036,40499700000036,GJ-GAN-004,VOICE
CDR00152,2026-09-11T06:54:00+05:30,+919730000005,+919730000004,MTC,66,356789010000005,40499700000005,RJ-JAI-022,VOICE
CDR00153,2026-09-11T07:00:00+05:30,+919730000010,+919730000013,MISS,59,356789010000010,40499700000010,GJ-SRT-011,VOICE
CDR00154,2026-09-11T07:12:00+05:30,+919730000015,+919730000022,MISS,0,356789010000015,40499700000015,MP-IND-041,VOICE
CDR00155,2026-09-11T07:22:00+05:30,+919730000020,+919730000031,MTC,288,356789010000020,40499700000020,GJ-AHM-001,VOICE
CDR00156,2026-09-11T07:29:00+05:30,+919730000025,+919730000004,MISS,129,356789010000025,40499700000025,RJ-JAI-022,VOICE
CDR00157,2026-09-11T07:38:00+05:30,+919730000030,+919730000013,MTC,59,356789010000030,40499700000030,GJ-GAN-004,VOICE
CDR00158,2026-09-11T07:46:00+05:30,+919730000035,+919730000022,MTC,235,356789010000035,40499700000035,MP-IND-041,VOICE
CDR00159,2026-09-11T07:51:00+05:30,+919730000004,+919730000031,MOC,168,356789010000004,40499700000004,RJ-JAI-022,VOICE
CDR00160,2026-09-11T08:02:00+05:30,+919730000009,+919730000004,MOC,148,356789010000009,40499700000009,MH-MUM-031,VOICE
CDR00161,2026-09-11T08:13:00+05:30,+919730000014,+919730000013,MOC,309,356789010000014,40499700000014,MH-MUM-031,VOICE
CDR00162,2026-09-11T08:25:00+05:30,+919730000019,+919730000022,MTC,301,356789010000019,40499700000019,MP-IND-041,VOICE
CDR00163,2026-09-11T08:29:00+05:30,+919730000024,+919730000031,MTC,419,356789010000024,40499700000024,GJ-SRT-011,VOICE
CDR00164,2026-09-11T08:38:00+05:30,+919730000029,+919730000004,MOC,370,356789010000029,40499700000029,MP-IND-041,VOICE
CDR00165,2026-09-11T08:52:00+05:30,+919730000034,+919730000013,MOC,0,356789010000034,40499700000034,GJ-SRT-011,VOICE
CDR00166,2026-09-11T08:55:00+05:30,+919730000003,+919730000022,MTC,300,356789010000003,40499700000003,MP-IND-041,VOICE
CDR00167,2026-09-11T09:06:00+05:30,+919730000008,+919730000031,MOC,280,356789010000008,40499700000008,GJ-AHM-001,VOICE
CDR00168,2026-09-11T09:15:00+05:30,+919730000013,+919730000004,MISS,72,356789010000013,40499700000013,MP-IND-041,VOICE
CDR00169,2026-09-11T09:28:00+05:30,+919730000018,+919730000013,MISS,182,356789010000018,40499700000018,MP-IND-041,VOICE
CDR00170,2026-09-11T09:36:00+05:30,+919730000023,+919730000022,MTC,190,356789010000023,40499700000023,GJ-AHM-001,VOICE
CDR00171,2026-09-11T09:43:00+05:30,+919730000028,+919730000031,MISS,111,356789010000028,40499700000028,GJ-AHM-001,VOICE
CDR00172,2026-09-11T09:48:00+05:30,+919730000033,+919730000004,MOC,97,356789010000033,40499700000033,GJ-GAN-004,VOICE
CDR00173,2026-09-11T09:57:00+05:30,+919730000002,+919730000013,MOC,329,356789010000002,40499700000002,GJ-AHM-001,VOICE
CDR00174,2026-09-11T10:08:00+05:30,+919730000007,+919730000022,MTC,114,356789010000007,40499700000007,GJ-SRT-011,VOICE
CDR00175,2026-09-11T10:20:00+05:30,+919730000012,+919730000031,MTC,53,356789010000012,40499700000012,MH-MUM-031,VOICE
CDR00176,2026-09-11T10:29:00+05:30,+919730000017,+919730000004,MTC,0,356789010000017,40499700000017,MH-MUM-031,VOICE
CDR00177,2026-09-11T10:36:00+05:30,+919730000022,+919730000013,MTC,114,356789010000022,40499700000022,GJ-GAN-004,VOICE
CDR00178,2026-09-11T10:47:00+05:30,+919730000027,+919730000022,MOC,357,356789010000027,40499700000027,RJ-JAI-022,VOICE
CDR00179,2026-09-11T10:56:00+05:30,+919730000032,+919730000031,MTC,267,356789010000032,40499700000032,MH-MUM-031,VOICE
CDR00180,2026-09-11T11:04:00+05:30,+919730000001,+919730000004,MOC,411,356789010000001,40499700000001,RJ-JAI-022,VOICE
CDR00181,2026-09-11T11:10:00+05:30,+919730000006,+919730000013,MOC,418,356789010000006,40499700000006,GJ-SRT-011,VOICE
CDR00182,2026-09-11T11:23:00+05:30,+919730000011,+919730000022,MOC,211,356789010000011,40499700000011,RJ-JAI-022,VOICE
CDR00183,2026-09-11T11:31:00+05:30,+919730000016,+919730000031,MOC,367,356789010000016,40499700000016,MP-IND-041,VOICE
CDR00184,2026-09-11T11:39:00+05:30,+919730000021,+919730000004,MISS,150,356789010000021,40499700000021,RJ-JAI-022,VOICE
CDR00185,2026-09-11T11:50:00+05:30,+919730000026,+919730000013,MISS,87,356789010000026,40499700000026,GJ-SRT-011,VOICE
CDR00186,2026-09-11T11:56:00+05:30,+919730000031,+919730000022,MOC,263,356789010000031,40499700000031,GJ-SRT-011,VOICE
CDR00187,2026-09-11T12:03:00+05:30,+919730000036,+919730000031,MOC,0,356789010000036,40499700000036,MH-MUM-031,VOICE
CDR00188,2026-09-11T12:12:00+05:30,+919730000005,+919730000004,MOC,126,356789010000005,40499700000005,MH-MUM-031,VOICE
CDR00189,2026-09-11T12:28:00+05:30,+919730000010,+919730000013,MISS,24,356789010000010,40499700000010,MH-MUM-031,VOICE
CDR00190,2026-09-11T12:30:00+05:30,+919730000015,+919730000022,MTC,311,356789010000015,40499700000015,GJ-SRT-011,VOICE
CDR00191,2026-09-11T12:40:00+05:30,+919730000020,+919730000031,MTC,58,356789010000020,40499700000020,GJ-GAN-004,VOICE
CDR00192,2026-09-11T12:50:00+05:30,+919730000025,+919730000004,MTC,169,356789010000025,40499700000025,RJ-JAI-022,VOICE
CDR00193,2026-09-11T12:59:00+05:30,+919730000030,+919730000013,MOC,189,356789010000030,40499700000030,MP-IND-041,VOICE
CDR00194,2026-09-11T13:09:00+05:30,+919730000035,+919730000022,MISS,168,356789010000035,40499700000035,MH-MUM-031,VOICE
CDR00195,2026-09-11T13:16:00+05:30,+919730000004,+919730000031,MISS,156,356789010000004,40499700000004,RJ-JAI-022,VOICE
CDR00196,2026-09-11T13:25:00+05:30,+919730000009,+919730000004,MISS,48,356789010000009,40499700000009,GJ-SRT-011,VOICE
CDR00197,2026-09-11T13:38:00+05:30,+919730000014,+919730000013,MOC,259,356789010000014,40499700000014,MP-IND-041,VOICE
CDR00198,2026-09-11T13:47:00+05:30,+919730000019,+919730000022,MISS,0,356789010000019,40499700000019,GJ-GAN-004,VOICE
CDR00199,2026-09-11T13:56:00+05:30,+919730000024,+919730000031,MOC,294,356789010000024,40499700000024,GJ-GAN-004,VOICE
CDR00200,2026-09-11T14:03:00+05:30,+919730000029,+919730000004,MTC,196,356789010000029,40499700000029,MP-IND-041,VOICE
CDR00201,2026-09-11T14:10:00+05:30,+919730000034,+919730000013,MOC,355,356789010000034,40499700000034,MH-MUM-031,VOICE
CDR00202,2026-09-11T14:19:00+05:30,+919730000003,+919730000022,MOC,364,356789010000003,40499700000003,RJ-JAI-022,VOICE
CDR00203,2026-09-11T14:28:00+05:30,+919730000008,+919730000031,MTC,377,356789010000008,40499700000008,GJ-GAN-004,VOICE
CDR00204,2026-09-11T14:39:00+05:30,+919730000013,+919730000004,MTC,417,356789010000013,40499700000013,GJ-SRT-011,VOICE
CDR00205,2026-09-11T14:51:00+05:30,+919730000018,+919730000013,MTC,124,356789010000018,40499700000018,GJ-AHM-001,VOICE
CDR00206,2026-09-11T14:55:00+05:30,+919730000023,+919730000022,MTC,254,356789010000023,40499700000023,RJ-JAI-022,VOICE
CDR00207,2026-09-11T15:05:00+05:30,+919730000028,+919730000031,MOC,100,356789010000028,40499700000028,RJ-JAI-022,VOICE
CDR00208,2026-09-11T15:12:00+05:30,+919730000033,+919730000004,MISS,303,356789010000033,40499700000033,GJ-GAN-004,VOICE
CDR00209,2026-09-11T15:28:00+05:30,+919730000002,+919730000013,MOC,0,356789010000002,40499700000002,MP-IND-041,VOICE
CDR00210,2026-09-11T15:35:00+05:30,+919730000007,+919730000022,MOC,90,356789010000007,40499700000007,MH-MUM-031,VOICE
CDR00211,2026-09-11T15:41:00+05:30,+919730000012,+919730000031,MOC,135,356789010000012,40499700000012,GJ-GAN-004,VOICE
CDR00212,2026-09-11T15:52:00+05:30,+919730000017,+919730000004,MOC,359,356789010000017,40499700000017,MH-MUM-031,VOICE
CDR00213,2026-09-11T16:02:00+05:30,+919730000022,+919730000013,MOC,229,356789010000022,40499700000022,GJ-SRT-011,VOICE
CDR00214,2026-09-11T16:08:00+05:30,+919730000027,+919730000022,MISS,384,356789010000027,40499700000027,GJ-SRT-011,VOICE
CDR00215,2026-09-11T16:22:00+05:30,+919730000032,+919730000031,MOC,350,356789010000032,40499700000032,GJ-GAN-004,VOICE
CDR00216,2026-09-11T16:28:00+05:30,+919730000001,+919730000004,MISS,377,356789010000001,40499700000001,RJ-JAI-022,VOICE
CDR00217,2026-09-11T16:37:00+05:30,+919730000006,+919730000013,MTC,323,356789010000006,40499700000006,MH-MUM-031,VOICE
CDR00218,2026-09-11T16:43:00+05:30,+919730000011,+919730000022,MISS,119,356789010000011,40499700000011,GJ-SRT-011,VOICE
CDR00219,2026-09-11T16:54:00+05:30,+919730000016,+919730000031,MOC,144,356789010000016,40499700000016,RJ-JAI-022,VOICE
CDR00220,2026-09-11T17:06:00+05:30,+919730000021,+919730000004,MOC,0,356789010000021,40499700000021,RJ-JAI-022,VOICE
CDR00221,2026-09-11T17:14:00+05:30,+919730000026,+919730000013,MOC,80,356789010000026,40499700000026,GJ-GAN-004,VOICE
CDR00222,2026-09-11T17:23:00+05:30,+919730000031,+919730000022,MTC,203,356789010000031,40499700000031,MH-MUM-031,VOICE
CDR00223,2026-09-11T17:27:00+05:30,+919730000036,+919730000031,MISS,330,356789010000036,40499700000036,GJ-SRT-011,VOICE
CDR00224,2026-09-11T17:41:00+05:30,+919730000005,+919730000004,MTC,341,356789010000005,40499700000005,MP-IND-041,VOICE
CDR00225,2026-09-11T17:47:00+05:30,+919730000010,+919730000013,MISS,135,356789010000010,40499700000010,GJ-AHM-001,VOICE
CDR00226,2026-09-11T18:01:00+05:30,+919730000015,+919730000022,MISS,165,356789010000015,40499700000015,MP-IND-041,VOICE
CDR00227,2026-09-11T18:04:00+05:30,+919730000020,+919730000031,MOC,269,356789010000020,40499700000020,GJ-SRT-011,VOICE
CDR00228,2026-09-11T18:14:00+05:30,+919730000025,+919730000004,MOC,277,356789010000025,40499700000025,GJ-AHM-001,VOICE
CDR00229,2026-09-11T18:25:00+05:30,+919730000030,+919730000013,MOC,300,356789010000030,40499700000030,GJ-GAN-004,VOICE
CDR00230,2026-09-11T18:30:00+05:30,+919730000035,+919730000022,MOC,263,356789010000035,40499700000035,GJ-GAN-004,VOICE
CDR00231,2026-09-11T18:40:00+05:30,+919730000004,+919730000031,MOC,0,356789010000004,40499700000004,GJ-SRT-011,VOICE
CDR00232,2026-09-11T18:55:00+05:30,+919730000009,+919730000004,MOC,353,356789010000009,40499700000009,GJ-SRT-011,VOICE
CDR00233,2026-09-11T18:58:00+05:30,+919730000014,+919730000013,MOC,34,356789010000014,40499700000014,RJ-JAI-022,VOICE
CDR00234,2026-09-11T19:08:00+05:30,+919730000019,+919730000022,MOC,135,356789010000019,40499700000019,MP-IND-041,VOICE
CDR00235,2026-09-11T19:19:00+05:30,+919730000024,+919730000031,MTC,22,356789010000024,40499700000024,GJ-AHM-001,VOICE
CDR00236,2026-09-11T19:27:00+05:30,+919730000029,+919730000004,MOC,134,356789010000029,40499700000029,MP-IND-041,VOICE
CDR00237,2026-09-11T19:39:00+05:30,+919730000034,+919730000013,MTC,19,356789010000034,40499700000034,GJ-AHM-001,VOICE
CDR00238,2026-09-11T19:45:00+05:30,+919730000003,+919730000022,MOC,334,356789010000003,40499700000003,RJ-JAI-022,VOICE
CDR00239,2026-09-11T19:53:00+05:30,+919730000008,+919730000031,MTC,326,356789010000008,40499700000008,GJ-GAN-004,VOICE
CDR00240,2026-09-11T20:00:00+05:30,+919730000013,+919730000004,MTC,185,356789010000013,40499700000013,GJ-AHM-001,VOICE
CDR00241,2026-09-11T20:15:00+05:30,+919730000018,+919730000013,MOC,72,356789010000018,40499700000018,GJ-GAN-004,VOICE
CDR00242,2026-09-11T20:22:00+05:30,+919730000023,+919730000022,MISS,0,356789010000023,40499700000023,GJ-AHM-001,VOICE
CDR00243,2026-09-11T20:32:00+05:30,+919730000028,+919730000031,MTC,304,356789010000028,40499700000028,GJ-GAN-004,VOICE
CDR00244,2026-09-11T20:43:00+05:30,+919730000033,+919730000004,MTC,125,356789010000033,40499700000033,RJ-JAI-022,VOICE
CDR00245,2026-09-11T20:49:00+05:30,+919730000002,+919730000013,MISS,368,356789010000002,40499700000002,MP-IND-041,VOICE
CDR00246,2026-09-11T20:54:00+05:30,+919730000007,+919730000022,MISS,35,356789010000007,40499700000007,GJ-SRT-011,VOICE
CDR00247,2026-09-11T21:04:00+05:30,+919730000012,+919730000031,MISS,232,356789010000012,40499700000012,GJ-AHM-001,VOICE
CDR00248,2026-09-11T21:19:00+05:30,+919730000017,+919730000004,MTC,12,356789010000017,40499700000017,GJ-GAN-004,VOICE
CDR00249,2026-09-11T21:23:00+05:30,+919730000022,+919730000013,MOC,269,356789010000022,40499700000022,GJ-SRT-011,VOICE
CDR00250,2026-09-11T21:32:00+05:30,+919730000027,+919730000022,MOC,249,356789010000027,40499700000027,MP-IND-041,VOICE
CDR00251,2026-09-11T21:40:00+05:30,+919730000032,+919730000031,MISS,104,356789010000032,40499700000032,GJ-SRT-011,VOICE
CDR00252,2026-09-11T21:48:00+05:30,+919730000001,+919730000004,MOC,294,356789010000001,40499700000001,MP-IND-041,VOICE
CDR00253,2026-09-11T21:58:00+05:30,+919730000006,+919730000013,MOC,0,356789010000006,40499700000006,GJ-SRT-011,VOICE
CDR00254,2026-09-11T22:09:00+05:30,+919730000011,+919730000022,MOC,99,356789010000011,40499700000011,MH-MUM-031,VOICE
CDR00255,2026-09-11T22:15:00+05:30,+919730000016,+919730000031,MTC,68,356789010000016,40499700000016,GJ-GAN-004,VOICE
CDR00256,2026-09-11T22:29:00+05:30,+919730000021,+919730000004,MOC,363,356789010000021,40499700000021,GJ-SRT-011,VOICE
CDR00257,2026-09-11T22:36:00+05:30,+919730000026,+919730000013,MTC,213,356789010000026,40499700000026,GJ-GAN-004,VOICE
CDR00258,2026-09-11T22:47:00+05:30,+919730000031,+919730000022,MOC,164,356789010000031,40499700000031,MP-IND-041,VOICE
CDR00259,2026-09-11T22:52:00+05:30,+919730000036,+919730000031,MOC,356,356789010000036,40499700000036,GJ-SRT-011,VOICE
CDR00260,2026-09-11T23:06:00+05:30,+919730000005,+919730000004,MOC,201,356789010000005,40499700000005,MH-MUM-031,VOICE
CDR00261,2026-09-11T23:15:00+05:30,+919730000010,+919730000013,MISS,328,356789010000010,40499700000010,MH-MUM-031,VOICE
CDR00262,2026-09-11T23:21:00+05:30,+919730000015,+919730000022,MOC,313,356789010000015,40499700000015,GJ-AHM-001,VOICE
CDR00263,2026-09-11T23:31:00+05:30,+919730000020,+919730000031,MOC,146,356789010000020,40499700000020,GJ-SRT-011,VOICE
CDR00264,2026-09-11T23:43:00+05:30,+919730000025,+919730000004,MTC,0,356789010000025,40499700000025,MP-IND-041,VOICE
CDR00265,2026-09-11T23:46:00+05:30,+919730000030,+919730000013,MOC,113,356789010000030,40499700000030,GJ-AHM-001,VOICE
CDR00266,2026-09-11T23:55:00+05:30,+919730000035,+919730000022,MOC,414,356789010000035,40499700000035,MH-MUM-031,VOICE
CDR00267,2026-09-12T00:04:00+05:30,+919730000004,+919730000031,MOC,420,356789010000004,40499700000004,RJ-JAI-022,VOICE
CDR00268,2026-09-12T00:13:00+05:30,+919730000009,+919730000004,MOC,189,356789010000009,40499700000009,RJ-JAI-022,VOICE
CDR00269,2026-09-12T00:26:00+05:30,+919730000014,+919730000013,MISS,98,356789010000014,40499700000014,GJ-SRT-011,VOICE
CDR00270,2026-09-12T00:36:00+05:30,+919730000019,+919730000022,MTC,414,356789010000019,40499700000019,GJ-GAN-004,VOICE
CDR00271,2026-09-12T00:42:00+05:30,+919730000024,+919730000031,MISS,352,356789010000024,40499700000024,GJ-SRT-011,VOICE
CDR00272,2026-09-12T00:50:00+05:30,+919730000029,+919730000004,MISS,41,356789010000029,40499700000029,GJ-AHM-001,VOICE
CDR00273,2026-09-12T00:58:00+05:30,+919730000034,+919730000013,MTC,361,356789010000034,40499700000034,GJ-AHM-001,VOICE
CDR00274,2026-09-12T01:09:00+05:30,+919730000003,+919730000022,MISS,121,356789010000003,40499700000003,MH-MUM-031,VOICE
CDR00275,2026-09-12T01:15:00+05:30,+919730000008,+919730000031,MTC,0,356789010000008,40499700000008,GJ-GAN-004,VOICE
CDR00276,2026-09-12T01:31:00+05:30,+919730000013,+919730000004,MISS,386,356789010000013,40499700000013,GJ-AHM-001,VOICE
CDR00277,2026-09-12T01:37:00+05:30,+919730000018,+919730000013,MTC,121,356789010000018,40499700000018,GJ-AHM-001,VOICE
CDR00278,2026-09-12T01:49:00+05:30,+919730000023,+919730000022,MOC,54,356789010000023,40499700000023,GJ-SRT-011,VOICE
CDR00279,2026-09-12T01:51:00+05:30,+919730000028,+919730000031,MISS,368,356789010000028,40499700000028,MH-MUM-031,VOICE
CDR00280,2026-09-12T02:05:00+05:30,+919730000033,+919730000004,MTC,144,356789010000033,40499700000033,MP-IND-041,VOICE
CDR00281,2026-09-12T02:15:00+05:30,+919730000002,+919730000013,MISS,389,356789010000002,40499700000002,GJ-AHM-001,VOICE
CDR00282,2026-09-12T02:25:00+05:30,+919730000007,+919730000022,MISS,377,356789010000007,40499700000007,RJ-JAI-022,VOICE
CDR00283,2026-09-12T02:31:00+05:30,+919730000012,+919730000031,MTC,25,356789010000012,40499700000012,GJ-AHM-001,VOICE
CDR00284,2026-09-12T02:37:00+05:30,+919730000017,+919730000004,MISS,407,356789010000017,40499700000017,GJ-GAN-004,VOICE
CDR00285,2026-09-12T02:46:00+05:30,+919730000022,+919730000013,MISS,341,356789010000022,40499700000022,GJ-GAN-004,VOICE
CDR00286,2026-09-12T02:58:00+05:30,+919730000027,+919730000022,MOC,0,356789010000027,40499700000027,GJ-SRT-011,VOICE
CDR00287,2026-09-12T03:06:00+05:30,+919730000032,+919730000031,MISS,291,356789010000032,40499700000032,RJ-JAI-022,VOICE
CDR00288,2026-09-12T03:12:00+05:30,+919730000001,+919730000004,MISS,281,356789010000001,40499700000001,GJ-GAN-004,VOICE
CDR00289,2026-09-12T03:24:00+05:30,+919730000006,+919730000013,MTC,279,356789010000006,40499700000006,GJ-SRT-011,VOICE
CDR00290,2026-09-12T03:32:00+05:30,+919730000011,+919730000022,MOC,114,356789010000011,40499700000011,MP-IND-041,VOICE
CDR00291,2026-09-12T03:39:00+05:30,+919730000016,+919730000031,MISS,38,356789010000016,40499700000016,MH-MUM-031,VOICE
CDR00292,2026-09-12T03:54:00+05:30,+919730000021,+919730000004,MISS,39,356789010000021,40499700000021,MP-IND-041,VOICE
CDR00293,2026-09-12T03:59:00+05:30,+919730000026,+919730000013,MOC,304,356789010000026,40499700000026,MP-IND-041,VOICE
CDR00294,2026-09-12T04:06:00+05:30,+919730000031,+919730000022,MOC,158,356789010000031,40499700000031,GJ-GAN-004,VOICE
CDR00295,2026-09-12T04:19:00+05:30,+919730000036,+919730000031,MISS,342,356789010000036,40499700000036,GJ-SRT-011,VOICE
CDR00296,2026-09-12T04:29:00+05:30,+919730000005,+919730000004,MTC,200,356789010000005,40499700000005,GJ-AHM-001,VOICE
CDR00297,2026-09-12T04:40:00+05:30,+919730000010,+919730000013,MISS,0,356789010000010,40499700000010,RJ-JAI-022,VOICE
CDR00298,2026-09-12T04:45:00+05:30,+919730000015,+919730000022,MISS,348,356789010000015,40499700000015,RJ-JAI-022,VOICE
CDR00299,2026-09-12T04:55:00+05:30,+919730000020,+919730000031,MISS,248,356789010000020,40499700000020,RJ-JAI-022,VOICE
CDR00300,2026-09-12T05:07:00+05:30,+919730000025,+919730000004,MOC,106,356789010000025,40499700000025,GJ-SRT-011,VOICE
CDR00301,2026-09-12T05:12:00+05:30,+919730000030,+919730000013,MISS,133,356789010000030,40499700000030,MP-IND-041,VOICE
CDR00302,2026-09-12T05:21:00+05:30,+919730000035,+919730000022,MOC,82,356789010000035,40499700000035,MP-IND-041,VOICE
CDR00303,2026-09-12T05:28:00+05:30,+919730000004,+919730000031,MTC,143,356789010000004,40499700000004,GJ-SRT-011,VOICE
CDR00304,2026-09-12T05:43:00+05:30,+919730000009,+919730000004,MOC,124,356789010000009,40499700000009,RJ-JAI-022,VOICE
CDR00305,2026-09-12T05:50:00+05:30,+919730000014,+919730000013,MISS,335,356789010000014,40499700000014,GJ-AHM-001,VOICE
CDR00306,2026-09-12T05:54:00+05:30,+919730000019,+919730000022,MOC,230,356789010000019,40499700000019,RJ-JAI-022,VOICE
CDR00307,2026-09-12T06:08:00+05:30,+919730000024,+919730000031,MOC,114,356789010000024,40499700000024,RJ-JAI-022,VOICE
CDR00308,2026-09-12T06:16:00+05:30,+919730000029,+919730000004,MOC,0,356789010000029,40499700000029,GJ-GAN-004,VOICE
CDR00309,2026-09-12T06:22:00+05:30,+919730000034,+919730000013,MISS,71,356789010000034,40499700000034,GJ-AHM-001,VOICE
CDR00310,2026-09-12T06:36:00+05:30,+919730000003,+919730000022,MISS,375,356789010000003,40499700000003,MH-MUM-031,VOICE
CDR00311,2026-09-12T06:39:00+05:30,+919730000008,+919730000031,MISS,181,356789010000008,40499700000008,MP-IND-041,VOICE
CDR00312,2026-09-12T06:55:00+05:30,+919730000013,+919730000004,MTC,388,356789010000013,40499700000013,GJ-SRT-011,VOICE
CDR00313,2026-09-12T06:59:00+05:30,+919730000018,+919730000013,MISS,320,356789010000018,40499700000018,MH-MUM-031,VOICE
CDR00314,2026-09-12T07:06:00+05:30,+919730000023,+919730000022,MOC,327,356789010000023,40499700000023,GJ-AHM-001,VOICE
CDR00315,2026-09-12T07:15:00+05:30,+919730000028,+919730000031,MISS,225,356789010000028,40499700000028,MH-MUM-031,VOICE
CDR00316,2026-09-12T07:29:00+05:30,+919730000033,+919730000004,MOC,273,356789010000033,40499700000033,MP-IND-041,VOICE
CDR00317,2026-09-12T07:38:00+05:30,+919730000002,+919730000013,MISS,244,356789010000002,40499700000002,GJ-GAN-004,VOICE
CDR00318,2026-09-12T07:46:00+05:30,+919730000007,+919730000022,MISS,68,356789010000007,40499700000007,MP-IND-041,VOICE
CDR00319,2026-09-12T07:53:00+05:30,+919730000012,+919730000031,MTC,0,356789010000012,40499700000012,MP-IND-041,VOICE
CDR00320,2026-09-12T08:02:00+05:30,+919730000017,+919730000004,MOC,125,356789010000017,40499700000017,GJ-SRT-011,VOICE
CDR00321,2026-09-12T08:12:00+05:30,+919730000022,+919730000013,MISS,30,356789010000022,40499700000022,RJ-JAI-022,VOICE
CDR00322,2026-09-12T08:20:00+05:30,+919730000027,+919730000022,MTC,153,356789010000027,40499700000027,MP-IND-041,VOICE
CDR00323,2026-09-12T08:28:00+05:30,+919730000032,+919730000031,MTC,159,356789010000032,40499700000032,GJ-GAN-004,VOICE
CDR00324,2026-09-12T08:38:00+05:30,+919730000001,+919730000004,MOC,281,356789010000001,40499700000001,GJ-GAN-004,VOICE
CDR00325,2026-09-12T08:47:00+05:30,+919730000006,+919730000013,MTC,248,356789010000006,40499700000006,MP-IND-041,VOICE
CDR00326,2026-09-12T08:59:00+05:30,+919730000011,+919730000022,MISS,359,356789010000011,40499700000011,GJ-SRT-011,VOICE
CDR00327,2026-09-12T09:09:00+05:30,+919730000016,+919730000031,MTC,278,356789010000016,40499700000016,GJ-SRT-011,VOICE
CDR00328,2026-09-12T09:12:00+05:30,+919730000021,+919730000004,MOC,389,356789010000021,40499700000021,MH-MUM-031,VOICE
CDR00329,2026-09-12T09:28:00+05:30,+919730000026,+919730000013,MTC,341,356789010000026,40499700000026,GJ-SRT-011,VOICE
CDR00330,2026-09-12T09:33:00+05:30,+919730000031,+919730000022,MTC,0,356789010000031,40499700000031,GJ-GAN-004,VOICE
CDR00331,2026-09-12T09:45:00+05:30,+919730000036,+919730000031,MOC,249,356789010000036,40499700000036,GJ-GAN-004,VOICE
CDR00332,2026-09-12T09:53:00+05:30,+919730000005,+919730000004,MOC,128,356789010000005,40499700000005,GJ-SRT-011,VOICE
CDR00333,2026-09-12T09:59:00+05:30,+919730000010,+919730000013,MOC,386,356789010000010,40499700000010,MP-IND-041,VOICE
CDR00334,2026-09-12T10:10:00+05:30,+919730000015,+919730000022,MISS,143,356789010000015,40499700000015,RJ-JAI-022,VOICE
CDR00335,2026-09-12T10:17:00+05:30,+919730000020,+919730000031,MOC,412,356789010000020,40499700000020,GJ-AHM-001,VOICE
CDR00336,2026-09-12T10:31:00+05:30,+919730000025,+919730000004,MOC,395,356789010000025,40499700000025,GJ-SRT-011,VOICE
CDR00337,2026-09-12T10:38:00+05:30,+919730000030,+919730000013,MOC,340,356789010000030,40499700000030,MH-MUM-031,VOICE
CDR00338,2026-09-12T10:44:00+05:30,+919730000035,+919730000022,MISS,386,356789010000035,40499700000035,MP-IND-041,VOICE
CDR00339,2026-09-12T10:55:00+05:30,+919730000004,+919730000031,MISS,181,356789010000004,40499700000004,GJ-SRT-011,VOICE
CDR00340,2026-09-12T11:06:00+05:30,+919730000009,+919730000004,MISS,176,356789010000009,40499700000009,GJ-SRT-011,VOICE
CDR00341,2026-09-12T11:11:00+05:30,+919730000014,+919730000013,MOC,0,356789010000014,40499700000014,GJ-SRT-011,VOICE
CDR00342,2026-09-12T11:21:00+05:30,+919730000019,+919730000022,MOC,95,356789010000019,40499700000019,GJ-SRT-011,VOICE
CDR00343,2026-09-12T11:29:00+05:30,+919730000024,+919730000031,MOC,416,356789010000024,40499700000024,GJ-SRT-011,VOICE
CDR00344,2026-09-12T11:41:00+05:30,+919730000029,+919730000004,MOC,286,356789010000029,40499700000029,GJ-SRT-011,VOICE
CDR00345,2026-09-12T11:52:00+05:30,+919730000034,+919730000013,MOC,252,356789010000034,40499700000034,GJ-AHM-001,VOICE
CDR00346,2026-09-12T11:58:00+05:30,+919730000003,+919730000022,MOC,53,356789010000003,40499700000003,RJ-JAI-022,VOICE
CDR00347,2026-09-12T12:07:00+05:30,+919730000008,+919730000031,MISS,114,356789010000008,40499700000008,MH-MUM-031,VOICE
CDR00348,2026-09-12T12:17:00+05:30,+919730000013,+919730000004,MOC,119,356789010000013,40499700000013,GJ-GAN-004,VOICE
CDR00349,2026-09-12T12:26:00+05:30,+919730000018,+919730000013,MOC,384,356789010000018,40499700000018,MP-IND-041,VOICE
CDR00350,2026-09-12T12:32:00+05:30,+919730000023,+919730000022,MISS,20,356789010000023,40499700000023,MP-IND-041,VOICE
CDR00351,2026-09-12T12:43:00+05:30,+919730000028,+919730000031,MTC,362,356789010000028,40499700000028,GJ-GAN-004,VOICE
CDR00352,2026-09-12T12:48:00+05:30,+919730000033,+919730000004,MTC,0,356789010000033,40499700000033,GJ-SRT-011,VOICE
CDR00353,2026-09-12T12:58:00+05:30,+919730000002,+919730000013,MOC,111,356789010000002,40499700000002,GJ-AHM-001,VOICE
CDR00354,2026-09-12T13:07:00+05:30,+919730000007,+919730000022,MOC,134,356789010000007,40499700000007,GJ-GAN-004,VOICE
CDR00355,2026-09-12T13:15:00+05:30,+919730000012,+919730000031,MOC,210,356789010000012,40499700000012,MP-IND-041,VOICE
CDR00356,2026-09-12T13:27:00+05:30,+919730000017,+919730000004,MISS,209,356789010000017,40499700000017,GJ-AHM-001,VOICE
CDR00357,2026-09-12T13:33:00+05:30,+919730000022,+919730000013,MISS,334,356789010000022,40499700000022,MP-IND-041,VOICE
CDR00358,2026-09-12T13:48:00+05:30,+919730000027,+919730000022,MOC,165,356789010000027,40499700000027,MP-IND-041,VOICE
CDR00359,2026-09-12T13:55:00+05:30,+919730000032,+919730000031,MOC,200,356789010000032,40499700000032,GJ-SRT-011,VOICE
CDR00360,2026-09-12T14:05:00+05:30,+919730000001,+919730000004,MOC,246,356789010000001,40499700000001,GJ-GAN-004,VOICE
CDR00361,2026-09-12T14:15:00+05:30,+919730000006,+919730000013,MOC,386,356789010000006,40499700000006,MP-IND-041,VOICE
CDR00362,2026-09-12T14:24:00+05:30,+919730000011,+919730000022,MTC,413,356789010000011,40499700000011,MH-MUM-031,VOICE
CDR00363,2026-09-12T14:32:00+05:30,+919730000016,+919730000031,MOC,0,356789010000016,40499700000016,RJ-JAI-022,VOICE
CDR00364,2026-09-12T14:38:00+05:30,+919730000021,+919730000004,MOC,204,356789010000021,40499700000021,GJ-SRT-011,VOICE
CDR00365,2026-09-12T14:50:00+05:30,+919730000026,+919730000013,MOC,239,356789010000026,40499700000026,MP-IND-041,VOICE
CDR00366,2026-09-12T15:01:00+05:30,+919730000031,+919730000022,MOC,175,356789010000031,40499700000031,MP-IND-041,VOICE
CDR00367,2026-09-12T15:08:00+05:30,+919730000036,+919730000031,MOC,317,356789010000036,40499700000036,MP-IND-041,VOICE
CDR00368,2026-09-12T15:17:00+05:30,+919730000005,+919730000004,MISS,43,356789010000005,40499700000005,GJ-SRT-011,VOICE
CDR00369,2026-09-12T15:23:00+05:30,+919730000010,+919730000013,MISS,195,356789010000010,40499700000010,RJ-JAI-022,VOICE
CDR00370,2026-09-12T15:31:00+05:30,+919730000015,+919730000022,MOC,90,356789010000015,40499700000015,MH-MUM-031,VOICE
CDR00371,2026-09-12T15:46:00+05:30,+919730000020,+919730000031,MTC,146,356789010000020,40499700000020,GJ-AHM-001,VOICE
CDR00372,2026-09-12T15:49:00+05:30,+919730000025,+919730000004,MOC,216,356789010000025,40499700000025,RJ-JAI-022,VOICE
CDR00373,2026-09-12T15:58:00+05:30,+919730000030,+919730000013,MISS,47,356789010000030,40499700000030,MH-MUM-031,VOICE
CDR00374,2026-09-12T16:07:00+05:30,+919730000035,+919730000022,MISS,0,356789010000035,40499700000035,MH-MUM-031,VOICE
CDR00375,2026-09-12T16:15:00+05:30,+919730000004,+919730000031,MTC,366,356789010000004,40499700000004,MH-MUM-031,VOICE
CDR00376,2026-09-12T16:24:00+05:30,+919730000009,+919730000004,MOC,222,356789010000009,40499700000009,GJ-GAN-004,VOICE
CDR00377,2026-09-12T16:33:00+05:30,+919730000014,+919730000013,MOC,122,356789010000014,40499700000014,RJ-JAI-022,VOICE
CDR00378,2026-09-12T16:46:00+05:30,+919730000019,+919730000022,MTC,90,356789010000019,40499700000019,GJ-SRT-011,VOICE
CDR00379,2026-09-12T16:55:00+05:30,+919730000024,+919730000031,MISS,74,356789010000024,40499700000024,GJ-SRT-011,VOICE
CDR00380,2026-09-12T17:02:00+05:30,+919730000029,+919730000004,MOC,171,356789010000029,40499700000029,MH-MUM-031,VOICE
CDR00381,2026-09-12T17:14:00+05:30,+919730000034,+919730000013,MOC,109,356789010000034,40499700000034,GJ-GAN-004,VOICE
CDR00382,2026-09-12T17:24:00+05:30,+919730000003,+919730000022,MOC,168,356789010000003,40499700000003,GJ-AHM-001,VOICE
CDR00383,2026-09-12T17:27:00+05:30,+919730000008,+919730000031,MISS,234,356789010000008,40499700000008,MP-IND-041,VOICE
CDR00384,2026-09-12T17:43:00+05:30,+919730000013,+919730000004,MISS,256,356789010000013,40499700000013,MH-MUM-031,VOICE
CDR00385,2026-09-12T17:48:00+05:30,+919730000018,+919730000013,MISS,0,356789010000018,40499700000018,MH-MUM-031,VOICE
CDR00386,2026-09-12T17:59:00+05:30,+919730000023,+919730000022,MOC,224,356789010000023,40499700000023,MP-IND-041,VOICE
CDR00387,2026-09-12T18:04:00+05:30,+919730000028,+919730000031,MISS,388,356789010000028,40499700000028,GJ-SRT-011,VOICE
CDR00388,2026-09-12T18:12:00+05:30,+919730000033,+919730000004,MTC,144,356789010000033,40499700000033,MH-MUM-031,VOICE
CDR00389,2026-09-12T18:25:00+05:30,+919730000002,+919730000013,MOC,93,356789010000002,40499700000002,MP-IND-041,VOICE
CDR00390,2026-09-12T18:34:00+05:30,+919730000007,+919730000022,MISS,322,356789010000007,40499700000007,GJ-SRT-011,VOICE
CDR00391,2026-09-12T18:41:00+05:30,+919730000012,+919730000031,MOC,49,356789010000012,40499700000012,GJ-SRT-011,VOICE
CDR00392,2026-09-12T18:52:00+05:30,+919730000017,+919730000004,MISS,64,356789010000017,40499700000017,MH-MUM-031,VOICE
CDR00393,2026-09-12T18:58:00+05:30,+919730000022,+919730000013,MOC,285,356789010000022,40499700000022,GJ-GAN-004,VOICE
CDR00394,2026-09-12T19:12:00+05:30,+919730000027,+919730000022,MISS,94,356789010000027,40499700000027,MH-MUM-031,VOICE
CDR00395,2026-09-12T19:18:00+05:30,+919730000032,+919730000031,MISS,348,356789010000032,40499700000032,RJ-JAI-022,VOICE
CDR00396,2026-09-12T19:28:00+05:30,+919730000001,+919730000004,MOC,0,356789010000001,40499700000001,RJ-JAI-022,VOICE
CDR00397,2026-09-12T19:34:00+05:30,+919730000006,+919730000013,MOC,389,356789010000006,40499700000006,MP-IND-041,VOICE
CDR00398,2026-09-12T19:47:00+05:30,+919730000011,+919730000022,MTC,139,356789010000011,40499700000011,RJ-JAI-022,VOICE
CDR00399,2026-09-12T19:52:00+05:30,+919730000016,+919730000031,MISS,154,356789010000016,40499700000016,GJ-GAN-004,VOICE
CDR00400,2026-09-12T20:03:00+05:30,+919730000021,+919730000004,MOC,141,356789010000021,40499700000021,MP-IND-041,VOICE
CDR00401,2026-09-12T20:13:00+05:30,+919730000026,+919730000013,MOC,174,356789010000026,40499700000026,GJ-SRT-011,VOICE
CDR00402,2026-09-12T20:23:00+05:30,+919730000031,+919730000022,MOC,103,356789010000031,40499700000031,MH-MUM-031,VOICE
CDR00403,2026-09-12T20:29:00+05:30,+919730000036,+919730000031,MOC,284,356789010000036,40499700000036,GJ-GAN-004,VOICE
CDR00404,2026-09-12T20:40:00+05:30,+919730000005,+919730000004,MTC,156,356789010000005,40499700000005,GJ-AHM-001,VOICE
CDR00405,2026-09-12T20:50:00+05:30,+919730000010,+919730000013,MOC,356,356789010000010,40499700000010,GJ-SRT-011,VOICE
CDR00406,2026-09-12T20:59:00+05:30,+919730000015,+919730000022,MOC,346,356789010000015,40499700000015,GJ-AHM-001,VOICE
CDR00407,2026-09-12T21:03:00+05:30,+919730000020,+919730000031,MISS,0,356789010000020,40499700000020,MH-MUM-031,VOICE
CDR00408,2026-09-12T21:15:00+05:30,+919730000025,+919730000004,MISS,337,356789010000025,40499700000025,GJ-SRT-011,VOICE
CDR00409,2026-09-12T21:27:00+05:30,+919730000030,+919730000013,MTC,352,356789010000030,40499700000030,RJ-JAI-022,VOICE
CDR00410,2026-09-12T21:35:00+05:30,+919730000035,+919730000022,MTC,114,356789010000035,40499700000035,MH-MUM-031,VOICE
CDR00411,2026-09-12T21:43:00+05:30,+919730000004,+919730000031,MOC,139,356789010000004,40499700000004,RJ-JAI-022,VOICE
CDR00412,2026-09-12T21:53:00+05:30,+919730000009,+919730000004,MOC,355,356789010000009,40499700000009,GJ-GAN-004,VOICE
CDR00413,2026-09-12T21:58:00+05:30,+919730000014,+919730000013,MTC,292,356789010000014,40499700000014,MP-IND-041,VOICE
CDR00414,2026-09-12T22:06:00+05:30,+919730000019,+919730000022,MOC,398,356789010000019,40499700000019,GJ-GAN-004,VOICE
CDR00415,2026-09-12T22:19:00+05:30,+919730000024,+919730000031,MISS,42,356789010000024,40499700000024,GJ-SRT-011,VOICE
CDR00416,2026-09-12T22:24:00+05:30,+919730000029,+919730000004,MOC,200,356789010000029,40499700000029,RJ-JAI-022,VOICE
CDR00417,2026-09-12T22:34:00+05:30,+919730000034,+919730000013,MTC,126,356789010000034,40499700000034,RJ-JAI-022,VOICE
CDR00418,2026-09-12T22:48:00+05:30,+919730000003,+919730000022,MISS,0,356789010000003,40499700000003,RJ-JAI-022,VOICE
CDR00419,2026-09-12T22:53:00+05:30,+919730000008,+919730000031,MTC,114,356789010000008,40499700000008,MP-IND-041,VOICE
CDR00420,2026-09-12T23:06:00+05:30,+919730000013,+919730000004,MISS,41,356789010000013,40499700000013,RJ-JAI-022,VOICE
CDR00421,2026-09-12T23:13:00+05:30,+919730000018,+919730000013,MOC,188,356789010000018,40499700000018,RJ-JAI-022,VOICE
CDR00422,2026-09-12T23:19:00+05:30,+919730000023,+919730000022,MOC,416,356789010000023,40499700000023,RJ-JAI-022,VOICE
CDR00423,2026-09-12T23:28:00+05:30,+919730000028,+919730000031,MTC,173,356789010000028,40499700000028,MH-MUM-031,VOICE
CDR00424,2026-09-12T23:38:00+05:30,+919730000033,+919730000004,MTC,233,356789010000033,40499700000033,RJ-JAI-022,VOICE
CDR00425,2026-09-12T23:49:00+05:30,+919730000002,+919730000013,MOC,212,356789010000002,40499700000002,GJ-GAN-004,VOICE
CDR00426,2026-09-13T00:01:00+05:30,+919730000007,+919730000022,MOC,334,356789010000007,40499700000007,GJ-SRT-011,VOICE
CDR00427,2026-09-13T00:06:00+05:30,+919730000012,+919730000031,MISS,270,356789010000012,40499700000012,RJ-JAI-022,VOICE
CDR00428,2026-09-13T00:17:00+05:30,+919730000017,+919730000004,MTC,174,356789010000017,40499700000017,GJ-AHM-001,VOICE
CDR00429,2026-09-13T00:27:00+05:30,+919730000022,+919730000013,MISS,0,356789010000022,40499700000022,RJ-JAI-022,VOICE
CDR00430,2026-09-13T00:33:00+05:30,+919730000027,+919730000022,MOC,112,356789010000027,40499700000027,MP-IND-041,VOICE
CDR00431,2026-09-13T00:44:00+05:30,+919730000032,+919730000031,MOC,134,356789010000032,40499700000032,MP-IND-041,VOICE
CDR00432,2026-09-13T00:52:00+05:30,+919730000001,+919730000004,MOC,104,356789010000001,40499700000001,MH-MUM-031,VOICE
CDR00433,2026-09-13T01:00:00+05:30,+919730000006,+919730000013,MOC,306,356789010000006,40499700000006,RJ-JAI-022,VOICE
CDR00434,2026-09-13T01:12:00+05:30,+919730000011,+919730000022,MISS,294,356789010000011,40499700000011,RJ-JAI-022,VOICE
CDR00435,2026-09-13T01:16:00+05:30,+919730000016,+919730000031,MISS,109,356789010000016,40499700000016,GJ-GAN-004,VOICE
CDR00436,2026-09-13T01:26:00+05:30,+919730000021,+919730000004,MISS,125,356789010000021,40499700000021,MP-IND-041,VOICE
CDR00437,2026-09-13T01:36:00+05:30,+919730000026,+919730000013,MTC,396,356789010000026,40499700000026,GJ-AHM-001,VOICE
CDR00438,2026-09-13T01:42:00+05:30,+919730000031,+919730000022,MISS,273,356789010000031,40499700000031,GJ-SRT-011,VOICE
CDR00439,2026-09-13T01:58:00+05:30,+919730000036,+919730000031,MTC,299,356789010000036,40499700000036,MH-MUM-031,VOICE
CDR00440,2026-09-13T02:01:00+05:30,+919730000005,+919730000004,MOC,0,356789010000005,40499700000005,GJ-AHM-001,VOICE
CDR00441,2026-09-13T02:16:00+05:30,+919730000010,+919730000013,MOC,118,356789010000010,40499700000010,RJ-JAI-022,VOICE
CDR00442,2026-09-13T02:25:00+05:30,+919730000015,+919730000022,MTC,257,356789010000015,40499700000015,GJ-SRT-011,VOICE
CDR00443,2026-09-13T02:34:00+05:30,+919730000020,+919730000031,MTC,236,356789010000020,40499700000020,GJ-AHM-001,VOICE
CDR00444,2026-09-13T02:40:00+05:30,+919730000025,+919730000004,MOC,125,356789010000025,40499700000025,GJ-GAN-004,VOICE
CDR00445,2026-09-13T02:46:00+05:30,+919730000030,+919730000013,MTC,214,356789010000030,40499700000030,GJ-AHM-001,VOICE
CDR00446,2026-09-13T02:56:00+05:30,+919730000035,+919730000022,MTC,155,356789010000035,40499700000035,MP-IND-041,VOICE
CDR00447,2026-09-13T03:05:00+05:30,+919730000004,+919730000031,MOC,295,356789010000004,40499700000004,MH-MUM-031,VOICE
CDR00448,2026-09-13T03:16:00+05:30,+919730000009,+919730000004,MOC,222,356789010000009,40499700000009,MH-MUM-031,VOICE
CDR00449,2026-09-13T03:23:00+05:30,+919730000014,+919730000013,MTC,389,356789010000014,40499700000014,MP-IND-041,VOICE
CDR00450,2026-09-13T03:35:00+05:30,+919730000019,+919730000022,MOC,252,356789010000019,40499700000019,GJ-AHM-001,VOICE
CDR00451,2026-09-13T03:39:00+05:30,+919730000024,+919730000031,MOC,0,356789010000024,40499700000024,RJ-JAI-022,VOICE
CDR00452,2026-09-13T03:55:00+05:30,+919730000029,+919730000004,MTC,325,356789010000029,40499700000029,RJ-JAI-022,VOICE
CDR00453,2026-09-13T04:04:00+05:30,+919730000034,+919730000013,MTC,294,356789010000034,40499700000034,MH-MUM-031,VOICE
CDR00454,2026-09-13T04:11:00+05:30,+919730000003,+919730000022,MTC,161,356789010000003,40499700000003,MH-MUM-031,VOICE
CDR00455,2026-09-13T04:21:00+05:30,+919730000008,+919730000031,MOC,325,356789010000008,40499700000008,RJ-JAI-022,VOICE
CDR00456,2026-09-13T04:25:00+05:30,+919730000013,+919730000004,MISS,127,356789010000013,40499700000013,MH-MUM-031,VOICE
CDR00457,2026-09-13T04:37:00+05:30,+919730000018,+919730000013,MOC,26,356789010000018,40499700000018,RJ-JAI-022,VOICE
CDR00458,2026-09-13T04:49:00+05:30,+919730000023,+919730000022,MTC,133,356789010000023,40499700000023,RJ-JAI-022,VOICE
CDR00459,2026-09-13T04:57:00+05:30,+919730000028,+919730000031,MOC,366,356789010000028,40499700000028,GJ-AHM-001,VOICE
CDR00460,2026-09-13T05:05:00+05:30,+919730000033,+919730000004,MOC,240,356789010000033,40499700000033,MP-IND-041,VOICE
CDR00461,2026-09-13T05:16:00+05:30,+919730000002,+919730000013,MTC,325,356789010000002,40499700000002,GJ-AHM-001,VOICE
CDR00462,2026-09-13T05:25:00+05:30,+919730000007,+919730000022,MISS,0,356789010000007,40499700000007,MH-MUM-031,VOICE
CDR00463,2026-09-13T05:32:00+05:30,+919730000012,+919730000031,MOC,57,356789010000012,40499700000012,RJ-JAI-022,VOICE
CDR00464,2026-09-13T05:38:00+05:30,+919730000017,+919730000004,MOC,61,356789010000017,40499700000017,RJ-JAI-022,VOICE
CDR00465,2026-09-13T05:49:00+05:30,+919730000022,+919730000013,MTC,136,356789010000022,40499700000022,GJ-SRT-011,VOICE
CDR00466,2026-09-13T05:56:00+05:30,+919730000027,+919730000022,MTC,213,356789010000027,40499700000027,GJ-GAN-004,VOICE
CDR00467,2026-09-13T06:04:00+05:30,+919730000032,+919730000031,MOC,111,356789010000032,40499700000032,GJ-SRT-011,VOICE
CDR00468,2026-09-13T06:15:00+05:30,+919730000001,+919730000004,MOC,257,356789010000001,40499700000001,GJ-AHM-001,VOICE
CDR00469,2026-09-13T06:27:00+05:30,+919730000006,+919730000013,MTC,150,356789010000006,40499700000006,GJ-AHM-001,VOICE
CDR00470,2026-09-13T06:35:00+05:30,+919730000011,+919730000022,MOC,158,356789010000011,40499700000011,RJ-JAI-022,VOICE
CDR00471,2026-09-13T06:43:00+05:30,+919730000016,+919730000031,MISS,308,356789010000016,40499700000016,RJ-JAI-022,VOICE
CDR00472,2026-09-13T06:54:00+05:30,+919730000021,+919730000004,MISS,198,356789010000021,40499700000021,RJ-JAI-022,VOICE
CDR00473,2026-09-13T07:01:00+05:30,+919730000026,+919730000013,MISS,0,356789010000026,40499700000026,MP-IND-041,VOICE
CDR00474,2026-09-13T07:07:00+05:30,+919730000031,+919730000022,MTC,184,356789010000031,40499700000031,GJ-AHM-001,VOICE
CDR00475,2026-09-13T07:18:00+05:30,+919730000036,+919730000031,MISS,51,356789010000036,40499700000036,GJ-GAN-004,VOICE
CDR00476,2026-09-13T07:26:00+05:30,+919730000005,+919730000004,MISS,298,356789010000005,40499700000005,MP-IND-041,VOICE
CDR00477,2026-09-13T07:36:00+05:30,+919730000010,+919730000013,MOC,56,356789010000010,40499700000010,MH-MUM-031,VOICE
CDR00478,2026-09-13T07:46:00+05:30,+919730000015,+919730000022,MOC,372,356789010000015,40499700000015,MP-IND-041,VOICE
CDR00479,2026-09-13T07:51:00+05:30,+919730000020,+919730000031,MISS,183,356789010000020,40499700000020,GJ-AHM-001,VOICE
CDR00480,2026-09-13T08:07:00+05:30,+919730000025,+919730000004,MISS,60,356789010000025,40499700000025,GJ-GAN-004,VOICE
CDR00481,2026-09-13T08:09:00+05:30,+919730000030,+919730000013,MOC,369,356789010000030,40499700000030,MH-MUM-031,VOICE
CDR00482,2026-09-13T08:20:00+05:30,+919730000035,+919730000022,MISS,102,356789010000035,40499700000035,MH-MUM-031,VOICE
CDR00483,2026-09-13T08:33:00+05:30,+919730000004,+919730000031,MOC,67,356789010000004,40499700000004,GJ-SRT-011,VOICE
CDR00484,2026-09-13T08:40:00+05:30,+919730000009,+919730000004,MOC,0,356789010000009,40499700000009,GJ-AHM-001,VOICE
CDR00485,2026-09-13T08:48:00+05:30,+919730000014,+919730000013,MTC,324,356789010000014,40499700000014,GJ-AHM-001,VOICE
CDR00486,2026-09-13T09:00:00+05:30,+919730000019,+919730000022,MOC,38,356789010000019,40499700000019,GJ-AHM-001,VOICE
CDR00487,2026-09-13T09:05:00+05:30,+919730000024,+919730000031,MOC,117,356789010000024,40499700000024,GJ-AHM-001,VOICE
CDR00488,2026-09-13T09:12:00+05:30,+919730000029,+919730000004,MTC,121,356789010000029,40499700000029,RJ-JAI-022,VOICE
CDR00489,2026-09-13T09:22:00+05:30,+919730000034,+919730000013,MOC,354,356789010000034,40499700000034,MH-MUM-031,VOICE
CDR00490,2026-09-13T09:32:00+05:30,+919730000003,+919730000022,MOC,148,356789010000003,40499700000003,GJ-SRT-011,VOICE
CDR00491,2026-09-13T09:40:00+05:30,+919730000008,+919730000031,MOC,265,356789010000008,40499700000008,GJ-GAN-004,VOICE
CDR00492,2026-09-13T09:53:00+05:30,+919730000013,+919730000004,MTC,56,356789010000013,40499700000013,GJ-SRT-011,VOICE
CDR00493,2026-09-13T10:02:00+05:30,+919730000018,+919730000013,MTC,41,356789010000018,40499700000018,GJ-GAN-004,VOICE
CDR00494,2026-09-13T10:07:00+05:30,+919730000023,+919730000022,MOC,17,356789010000023,40499700000023,GJ-GAN-004,VOICE
CDR00495,2026-09-13T10:22:00+05:30,+919730000028,+919730000031,MOC,0,356789010000028,40499700000028,MH-MUM-031,VOICE
CDR00496,2026-09-13T10:31:00+05:30,+919730000033,+919730000004,MOC,115,356789010000033,40499700000033,MH-MUM-031,VOICE
CDR00497,2026-09-13T10:34:00+05:30,+919730000002,+919730000013,MISS,286,356789010000002,40499700000002,GJ-SRT-011,VOICE
CDR00498,2026-09-13T10:49:00+05:30,+919730000007,+919730000022,MOC,135,356789010000007,40499700000007,GJ-SRT-011,VOICE
CDR00499,2026-09-13T10:57:00+05:30,+919730000012,+919730000031,MOC,319,356789010000012,40499700000012,GJ-GAN-004,VOICE
CDR00500,2026-09-13T11:04:00+05:30,+919730000017,+919730000004,MOC,135,356789010000017,40499700000017,GJ-AHM-001,VOICE
CDR00501,2026-09-13T11:13:00+05:30,+919730000022,+919730000013,MOC,143,356789010000022,40499700000022,GJ-SRT-011,VOICE
CDR00502,2026-09-13T11:21:00+05:30,+919730000027,+919730000022,MISS,73,356789010000027,40499700000027,MP-IND-041,VOICE
CDR00503,2026-09-13T11:31:00+05:30,+919730000032,+919730000031,MOC,88,356789010000032,40499700000032,RJ-JAI-022,VOICE
CDR00504,2026-09-13T11:43:00+05:30,+919730000001,+919730000004,MTC,379,356789010000001,40499700000001,GJ-AHM-001,VOICE
CDR00505,2026-09-13T11:50:00+05:30,+919730000006,+919730000013,MTC,348,356789010000006,40499700000006,GJ-SRT-011,VOICE
CDR00506,2026-09-13T12:00:00+05:30,+919730000011,+919730000022,MISS,0,356789010000011,40499700000011,GJ-SRT-011,VOICE
CDR00507,2026-09-13T12:08:00+05:30,+919730000016,+919730000031,MOC,16,356789010000016,40499700000016,GJ-AHM-001,VOICE
CDR00508,2026-09-13T12:19:00+05:30,+919730000021,+919730000004,MTC,180,356789010000021,40499700000021,GJ-GAN-004,VOICE
CDR00509,2026-09-13T12:21:00+05:30,+919730000026,+919730000013,MISS,333,356789010000026,40499700000026,MH-MUM-031,VOICE
CDR00510,2026-09-13T12:32:00+05:30,+919730000031,+919730000022,MOC,20,356789010000031,40499700000031,GJ-AHM-001,VOICE
CDR00511,2026-09-13T12:44:00+05:30,+919730000036,+919730000031,MISS,58,356789010000036,40499700000036,MP-IND-041,VOICE
CDR00512,2026-09-13T12:52:00+05:30,+919730000005,+919730000004,MTC,360,356789010000005,40499700000005,RJ-JAI-022,VOICE
CDR00513,2026-09-13T13:01:00+05:30,+919730000010,+919730000013,MOC,186,356789010000010,40499700000010,MP-IND-041,VOICE
CDR00514,2026-09-13T13:11:00+05:30,+919730000015,+919730000022,MOC,13,356789010000015,40499700000015,RJ-JAI-022,VOICE
CDR00515,2026-09-13T13:16:00+05:30,+919730000020,+919730000031,MTC,12,356789010000020,40499700000020,GJ-AHM-001,VOICE
CDR00516,2026-09-13T13:26:00+05:30,+919730000025,+919730000004,MISS,117,356789010000025,40499700000025,MP-IND-041,VOICE
CDR00517,2026-09-13T13:40:00+05:30,+919730000030,+919730000013,MISS,0,356789010000030,40499700000030,RJ-JAI-022,VOICE
CDR00518,2026-09-13T13:44:00+05:30,+919730000035,+919730000022,MISS,282,356789010000035,40499700000035,MH-MUM-031,VOICE
CDR00519,2026-09-13T13:51:00+05:30,+919730000004,+919730000031,MISS,225,356789010000004,40499700000004,GJ-GAN-004,VOICE
CDR00520,2026-09-13T14:02:00+05:30,+919730000009,+919730000004,MOC,147,356789010000009,40499700000009,GJ-GAN-004,VOICE
CDR00521,2026-09-13T14:09:00+05:30,+919730000014,+919730000013,MOC,178,356789010000014,40499700000014,GJ-SRT-011,VOICE
CDR00522,2026-09-13T14:21:00+05:30,+919730000019,+919730000022,MOC,346,356789010000019,40499700000019,GJ-GAN-004,VOICE
CDR00523,2026-09-13T14:30:00+05:30,+919730000024,+919730000031,MTC,51,356789010000024,40499700000024,GJ-AHM-001,VOICE
CDR00524,2026-09-13T14:43:00+05:30,+919730000029,+919730000004,MOC,297,356789010000029,40499700000029,MH-MUM-031,VOICE
CDR00525,2026-09-13T14:51:00+05:30,+919730000034,+919730000013,MTC,121,356789010000034,40499700000034,MH-MUM-031,VOICE
CDR00526,2026-09-13T15:01:00+05:30,+919730000003,+919730000022,MOC,214,356789010000003,40499700000003,MH-MUM-031,VOICE
CDR00527,2026-09-13T15:09:00+05:30,+919730000008,+919730000031,MTC,333,356789010000008,40499700000008,MH-MUM-031,VOICE
CDR00528,2026-09-13T15:16:00+05:30,+919730000013,+919730000004,MISS,0,356789010000013,40499700000013,RJ-JAI-022,VOICE
CDR00529,2026-09-13T15:23:00+05:30,+919730000018,+919730000013,MOC,406,356789010000018,40499700000018,RJ-JAI-022,VOICE
CDR00530,2026-09-13T15:37:00+05:30,+919730000023,+919730000022,MOC,32,356789010000023,40499700000023,MP-IND-041,VOICE
CDR00531,2026-09-13T15:41:00+05:30,+919730000028,+919730000031,MOC,235,356789010000028,40499700000028,RJ-JAI-022,VOICE
CDR00532,2026-09-13T15:49:00+05:30,+919730000033,+919730000004,MOC,373,356789010000033,40499700000033,GJ-SRT-011,VOICE
CDR00533,2026-09-13T15:58:00+05:30,+919730000002,+919730000013,MOC,188,356789010000002,40499700000002,GJ-SRT-011,VOICE
CDR00534,2026-09-13T16:09:00+05:30,+919730000007,+919730000022,MTC,313,356789010000007,40499700000007,MP-IND-041,VOICE
CDR00535,2026-09-13T16:22:00+05:30,+919730000012,+919730000031,MISS,135,356789010000012,40499700000012,MP-IND-041,VOICE
CDR00536,2026-09-13T16:24:00+05:30,+919730000017,+919730000004,MOC,52,356789010000017,40499700000017,GJ-AHM-001,VOICE
CDR00537,2026-09-13T16:35:00+05:30,+919730000022,+919730000013,MOC,420,356789010000022,40499700000022,GJ-GAN-004,VOICE
CDR00538,2026-09-13T16:43:00+05:30,+919730000027,+919730000022,MISS,65,356789010000027,40499700000027,RJ-JAI-022,VOICE
CDR00539,2026-09-13T16:52:00+05:30,+919730000032,+919730000031,MTC,0,356789010000032,40499700000032,GJ-AHM-001,VOICE
CDR00540,2026-09-13T17:05:00+05:30,+919730000001,+919730000004,MISS,67,356789010000001,40499700000001,MP-IND-041,VOICE
CDR00541,2026-09-14T02:00:00+05:30,+919730000009,+919730000001,MOC,45,356789010000009,404991234567890,GJ-GAN-004,VOICE
CDR00542,2026-09-14T02:01:00+05:30,+919730000009,+919730000001,MOC,105,356789010000009,404991234567890,GJ-GAN-004,VOICE
CDR00543,2026-09-14T02:03:00+05:30,+919730000009,+919730000002,MOC,45,356789010000009,404991234567890,GJ-GAN-004,VOICE
CDR00544,2026-09-14T02:04:00+05:30,+919730000009,+919730000002,MOC,105,356789010000009,404991234567890,GJ-GAN-004,VOICE
CDR00545,2026-09-14T02:06:00+05:30,+919730000009,+919730000003,MOC,45,356789010000009,404991234567890,GJ-GAN-004,VOICE
CDR00546,2026-09-14T02:07:00+05:30,+919730000009,+919730000003,MOC,105,356789010000009,404991234567890,GJ-GAN-004,VOICE
CDR00547,2026-09-14T02:09:00+05:30,+919730000009,+919730000004,MOC,45,356789010000009,404991234567890,GJ-GAN-004,VOICE
CDR00548,2026-09-14T02:10:00+05:30,+919730000009,+919730000004,MOC,105,356789010000009,404991234567890,GJ-GAN-004,VOICE
CDR00549,2026-09-14T02:12:00+05:30,+919730000009,+919730000005,MOC,45,356789010000009,404991234567890,GJ-GAN-004,VOICE
CDR00550,2026-09-14T02:13:00+05:30,+919730000009,+919730000005,MOC,105,356789010000009,404991234567890,GJ-GAN-004,VOICE
CDR00551,2026-09-14T02:15:00+05:30,+919730000009,+919730000006,MOC,45,356789010000009,404991234567890,GJ-GAN-004,VOICE
CDR00552,2026-09-14T02:16:00+05:30,+919730000009,+919730000006,MOC,105,356789010000009,404991234567890,GJ-GAN-004,VOICE
CDR00553,2026-09-14T02:18:00+05:30,+919730000009,+919730000007,MOC,45,356789010000009,404991234567890,GJ-GAN-004,VOICE
CDR00554,2026-09-14T02:21:00+05:30,+919730000009,+919730000008,MOC,45,356789010000009,404991234567890,GJ-GAN-004,VOICE
CDR00555,2026-09-14T02:24:00+05:30,+919730000009,+919730000010,MOC,45,356789010000009,404991234567890,GJ-GAN-004,VOICE
CDR00556,2026-09-14T02:27:00+05:30,+919730000009,+919730000011,MOC,45,356789010000009,404991234567890,GJ-GAN-004,VOICE
CDR00557,2026-09-14T02:30:00+05:30,+919730000009,+919730000012,MOC,45,356789010000009,404991234567890,GJ-GAN-004,VOICE
CDR00558,2026-09-14T02:33:00+05:30,+919730000009,+919730000013,MOC,45,356789010000009,404991234567890,GJ-GAN-004,VOICE
CDR00559,2026-09-14T02:36:00+05:30,+919730000009,+919730000014,MOC,45,356789010000009,404991234567890,GJ-GAN-004,VOICE
CDR00560,2026-09-14T02:39:00+05:30,+919730000009,+919730000015,MOC,45,356789010000009,404991234567890,GJ-GAN-004,VOICE
CDR00561,2026-09-14T02:42:00+05:30,+919730000009,+919730000016,MOC,45,356789010000009,404991234567890,GJ-GAN-004,VOICE
CDR00562,2026-09-14T02:45:00+05:30,+919730000009,+919730000017,MOC,45,356789010000009,404991234567890,GJ-GAN-004,VOICE
CDR00563,2026-09-14T02:48:00+05:30,+919730000009,+919730000018,MOC,45,356789010000009,404991234567890,GJ-GAN-004,VOICE
CDR00564,2026-09-14T02:51:00+05:30,+919730000009,+919730000019,MOC,45,356789010000009,404991234567890,GJ-GAN-004,VOICE
CDR00565,2026-09-12T18:02:00+05:30,+919730000001,+919730000009,MOC,180,356789010000001,40499700000001,GJ-AHM-001,VOICE
CDR00566,2026-09-12T19:02:00+05:30,+919730000001,+919730000010,MOC,235,356789010000001,40499700000001,GJ-AHM-001,VOICE
CDR00567,2026-09-12T18:04:00+05:30,+919730000002,+919730000009,MOC,180,356789010000002,40499700000002,GJ-AHM-001,VOICE
CDR00568,2026-09-12T19:04:00+05:30,+919730000002,+919730000010,MOC,235,356789010000002,40499700000002,GJ-AHM-001,VOICE
CDR00569,2026-09-12T18:06:00+05:30,+919730000003,+919730000009,MOC,180,356789010000003,40499700000003,GJ-AHM-001,VOICE
CDR00570,2026-09-12T19:06:00+05:30,+919730000003,+919730000010,MOC,235,356789010000003,40499700000003,GJ-AHM-001,VOICE
CDR00571,2026-09-12T18:08:00+05:30,+919730000004,+919730000009,MOC,180,356789010000004,40499700000004,GJ-AHM-001,VOICE
CDR00572,2026-09-12T19:08:00+05:30,+919730000004,+919730000010,MOC,235,356789010000004,40499700000004,GJ-AHM-001,VOICE
CDR00573,2026-09-12T18:10:00+05:30,+919730000005,+919730000009,MOC,180,356789010000005,40499700000005,GJ-AHM-001,VOICE
CDR00574,2026-09-12T19:10:00+05:30,+919730000005,+919730000010,MOC,235,356789010000005,40499700000005,GJ-AHM-001,VOICE
CDR00575,2026-09-12T18:12:00+05:30,+919730000006,+919730000009,MOC,180,356789010000006,40499700000006,GJ-AHM-001,VOICE
CDR00576,2026-09-12T19:12:00+05:30,+919730000006,+919730000010,MOC,235,356789010000006,40499700000006,GJ-AHM-001,VOICE
CDR00577,2026-09-12T18:14:00+05:30,+919730000007,+919730000009,MOC,180,356789010000007,40499700000007,GJ-AHM-001,VOICE
CDR00578,2026-09-12T19:14:00+05:30,+919730000007,+919730000010,MOC,235,356789010000007,40499700000007,GJ-AHM-001,VOICE
CDR00579,2026-09-12T18:16:00+05:30,+919730000008,+919730000009,MOC,180,356789010000008,40499700000008,GJ-AHM-001,VOICE
CDR00580,2026-09-12T19:16:00+05:30,+919730000008,+919730000010,MOC,235,356789010000008,40499700000008,GJ-AHM-001,VOICE
CDR00581,2026-09-16T04:36:00+05:30,+919730000009,+919730000020,MOC,95,356789010000006,404998765432100,GJ-GAN-004,VOICE
CDR00582,2026-09-16T04:24:00+05:30,+919730000016,+919730000020,MOC,95,356789010000006,404998765432100,GJ-GAN-004,VOICE
CDR00583,2026-09-16T04:00:00+05:30,+919730000010,+919730000020,MOC,95,356789010000012,404998765432100,GJ-GAN-004,VOICE
CDR00584,2026-09-16T04:28:00+05:30,+919730000017,+919730000020,MOC,95,356789010000012,404998765432100,GJ-GAN-004,VOICE
CDR00585,2026-09-16T04:04:00+05:30,+919730000011,+919730000020,MOC,95,356789010000018,404998765432100,GJ-GAN-004,VOICE
CDR00586,2026-09-16T04:32:00+05:30,+919730000018,+919730000020,MOC,95,356789010000018,404998765432100,GJ-GAN-004,VOICE
