event_id,timestamp,phone,event_type,old_imsi,new_imsi,old_imei,new_imei,operator,circle
SIM00001,2026-08-12T08:00:00+05:30,+919730000001,ACTIVATION,,40499700000001,,356789010000001,Airtel,Gujarat
SIM00002,2026-08-13T08:00:00+05:30,+919730000002,ACTIVATION,,40499700000002,,356789010000002,Airtel,Gujarat
SIM00003,2026-08-14T08:00:00+05:30,+919730000003,ACTIVATION,,40499700000003,,356789010000003,Airtel,Gujarat
SIM00004,2026-08-15T08:00:00+05:30,+919730000004,ACTIVATION,,40499700000004,,356789010000004,Airtel,Gujarat
SIM00005,2026-08-16T08:00:00+05:30,+919730000005,ACTIVATION,,40499700000005,,356789010000005,Airtel,Gujarat
SIM00006,2026-08-17T08:00:00+05:30,+919730000006,ACTIVATION,,40499700000006,,356789010000006,Airtel,Rajasthan
SIM00007,2026-08-18T08:00:00+05:30,+919730000007,ACTIVATION,,40499700000007,,356789010000007,Airtel,Madhya Pradesh
SIM00008,2026-08-19T08:00:00+05:30,+919730000008,ACTIVATION,,40499700000008,,356789010000008,Airtel,Maharashtra
SIM00009,2026-08-20T08:00:00+05:30,+919730000009,ACTIVATION,,40499700000009,,356789010000009,Airtel,Gujarat
SIM00010,2026-08-21T08:00:00+05:30,+919730000010,ACTIVATION,,40499700000010,,356789010000010,Airtel,Gujarat
SIM00011,2026-08-22T08:00:00+05:30,+919730000011,ACTIVATION,,40499700000011,,356789010000011,Airtel,Gujarat
SIM00012,2026-08-23T08:00:00+05:30,+919730000012,ACTIVATION,,40499700000012,,356789010000012,Airtel,Gujarat
SIM00013,2026-08-24T08:00:00+05:30,+919730000013,ACTIVATION,,40499700000013,,356789010000013,Airtel,Gujarat
SIM00014,2026-08-25T08:00:00+05:30,+919730000014,ACTIVATION,,40499700000014,,356789010000014,Airtel,Rajasthan
SIM00015,2026-08-26T08:00:00+05:30,+919730000015,ACTIVATION,,40499700000015,,356789010000015,Airtel,Madhya Pradesh
SIM00016,2026-08-27T08:00:00+05:30,+919730000016,ACTIVATION,,40499700000016,,356789010000016,Airtel,Maharashtra
SIM00017,2026-08-28T08:00:00+05:30,+919730000017,ACTIVATION,,40499700000017,,356789010000017,Airtel,Gujarat
SIM00018,2026-08-29T08:00:00+05:30,+919730000018,ACTIVATION,,40499700000018,,356789010000018,Airtel,Gujarat
SIM00019,2026-08-30T08:00:00+05:30,+919730000019,ACTIVATION,,40499700000019,,356789010000019,Airtel,Gujarat
SIM00020,2026-08-31T08:00:00+05:30,+919730000020,ACTIVATION,,40499700000020,,356789010000020,Airtel,Gujarat
SIM00021,2026-09-01T08:00:00+05:30,+919730000021,ACTIVATION,,40499700000021,,356789010000021,Airtel,Gujarat
SIM00022,2026-09-02T08:00:00+05:30,+919730000022,ACTIVATION,,40499700000022,,356789010000022,Airtel,Rajasthan
SIM00023,2026-09-03T08:00:00+05:30,+919730000023,ACTIVATION,,40499700000023,,356789010000023,Airtel,Madhya Pradesh
SIM00024,2026-09-04T08:00:00+05:30,+919730000024,ACTIVATION,,40499700000024,,356789010000024,Airtel,Maharashtra
SIM00025,2026-09-05T08:00:00+05:30,+919730000025,ACTIVATION,,40499700000025,,356789010000025,Airtel,Gujarat
SIM00026,2026-09-06T08:00:00+05:30,+919730000026,ACTIVATION,,40499700000026,,356789010000026,Airtel,Gujarat
SIM00027,2026-09-07T08:00:00+05:30,+919730000027,ACTIVATION,,40499700000027,,356789010000027,Airtel,Gujarat
SIM00028,2026-09-08T08:00:00+05:30,+919730000028,ACTIVATION,,40499700000028,,356789010000028,Airtel,Gujarat
SIM00029,2026-09-09T08:00:00+05:30,+919730000029,ACTIVATION,,40499700000029,,356789010000029,Airtel,Gujarat
SIM00030,2026-09-10T08:00:00+05:30,+919730000030,ACTIVATION,,40499700000030,,356789010000030,Airtel,Rajasthan
SIM00031,2026-09-11T08:00:00+05:30,+919730000031,ACTIVATION,,40499700000031,,356789010000031,Airtel,Madhya Pradesh
SIM00032,2026-09-12T08:00:00+05:30,+919730000032,ACTIVATION,,40499700000032,,356789010000032,Airtel,Maharashtra
SIM00033,2026-09-13T08:00:00+05:30,+919730000033,ACTIVATION,,40499700000033,,356789010000033,Airtel,Gujarat
SIM00034,2026-09-14T08:00:00+05:30,+919730000034,ACTIVATION,,40499700000034,,356789010000034,Airtel,Gujarat
SIM00035,2026-09-15T08:00:00+05:30,+919730000035,ACTIVATION,,40499700000035,,356789010000035,Airtel,Gujarat
SIM00036,2026-09-16T08:00:00+05:30,+919730000036,ACTIVATION,,40499700000036,,356789010000036,Airtel,Gujarat
SIM00037,2026-09-10T23:05:00+05:30,+919730000001,SIM_SWAP,40499-OLD-001,40499-NEW-901,356789010000001,356789010000001,Airtel,Gujarat
SIM00038,2026-09-11T00:05:00+05:30,+919730000002,SIM_SWAP,40499-OLD-002,40499-NEW-902,356789010000002,356789010000002,Airtel,Gujarat
SIM00039,2026-09-11T01:05:00+05:30,+919730000003,SIM_SWAP,40499-OLD-003,40499-NEW-903,356789010000003,356789010000003,Airtel,Gujarat
SIM00040,2026-09-11T02:05:00+05:30,+919730000004,SIM_SWAP,40499-OLD-004,40499-NEW-904,356789010000004,356789010000004,Airtel,Gujarat
SIM00041,2026-09-17T11:17:00+05:30,+919730000009,REPLACEMENT,40499OLD41,40499NEW41,356789010000009,356789010000009,Jio,Gujarat
SIM00042,2026-09-16T11:17:00+05:30,+919730000010,REPLACEMENT,40499OLD42,40499NEW42,356789010000010,356789010000010,Jio,Gujarat
SIM00043,2026-09-14T11:17:00+05:30,+919730000011,REPLACEMENT,40499OLD43,40499NEW43,356789010000011,356789010000011,Jio,Gujarat
SIM00044,2026-09-17T11:17:00+05:30,+919730000012,REPLACEMENT,40499OLD44,40499NEW44,356789010000012,356789010000012,Jio,Gujarat
SIM00045,2026-09-12T11:17:00+05:30,+919730000013,REPLACEMENT,40499OLD45,40499NEW45,356789010000013,356789010000013,Jio,Gujarat
SIM00046,2026-09-13T11:17:00+05:30,+919730000014,REPLACEMENT,40499OLD46,40499NEW46,356789010000014,356789010000014,Jio,Gujarat
