sms_id,timestamp,sender,receiver,message,message_type,phone_id,device_id
SMS00001,2026-09-10T08:26:00+05:30,+919730000002,+919730000004,Your SIM replacement request has been completed.,SIM_ALERT,+919730000004,D006
SMS00002,2026-09-10T08:47:00+05:30,+919730000003,+919730000007,UPI payment of INR 85000.00 has been processed.,TXN_ALERT,+919730000007,D011
SMS00003,2026-09-10T09:08:00+05:30,+919730000004,+919730000010,Security alert: new device login detected.,SECURITY,+919730000010,D016
SMS00004,2026-09-10T09:29:00+05:30,+919000000000,+919730000013,Your bank profile was accessed from a new IP.,SECURITY,+919730000013,D021
SMS00005,2026-09-10T09:50:00+05:30,+919730000006,+919730000016,Recharge successful.,NORMAL,+919730000016,D026
SMS00006,2026-09-10T10:11:00+05:30,+919730000007,+919730000019,OTP 493281 for beneficiary registration. Do not share this code.,OTP,+919730000019,D031
SMS00007,2026-09-10T10:32:00+05:30,+919730000008,+919730000022,Your SIM replacement request has been completed.,SIM_ALERT,+919730000022,D036
SMS00008,2026-09-10T10:53:00+05:30,+919000000000,+919730000025,UPI payment of INR 85000.00 has been processed.,TXN_ALERT,+919730000025,D006
SMS00009,2026-09-10T11:14:00+05:30,+919730000010,+919730000028,Security alert: new device login detected.,SECURITY,+919730000028,D018
SMS00010,2026-09-10T11:35:00+05:30,+919730000011,+919730000031,Your bank profile was accessed from a new IP.,SECURITY,+919730000031,D001
SMS00011,2026-09-10T11:56:00+05:30,+919730000012,+919730000034,Recharge successful.,NORMAL,+919730000034,D006
SMS00012,2026-09-10T12:17:00+05:30,+919000000000,+919730000001,OTP 493281 for beneficiary registration. Do not share this code.,OTP,+919730000001,D011
SMS00013,2026-09-10T12:38:00+05:30,+919730000014,+919730000004,Your SIM replacement request has been completed.,SIM_ALERT,+919730000004,D016
SMS00014,2026-09-10T12:59:00+05:30,+919730000015,+919730000007,UPI payment of INR 85000.00 has been processed.,TXN_ALERT,+919730000007,D021
SMS00015,2026-09-10T13:20:00+05:30,+919730000016,+919730000010,Security alert: new device login detected.,SECURITY,+919730000010,D026
SMS00016,2026-09-10T13:41:00+05:30,+919000000000,+919730000013,Your bank profile was accessed from a new IP.,SECURITY,+919730000013,D031
SMS00017,2026-09-10T14:02:00+05:30,+919730000018,+919730000016,Recharge successful.,NORMAL,+919730000016,D036
SMS00018,2026-09-10T14:23:00+05:30,+919730000019,+919730000019,OTP 493281 for beneficiary registration. Do not share this code.,OTP,+919730000019,D006
SMS00019,2026-09-10T14:44:00+05:30,+919730000020,+919730000022,Your SIM replacement request has been completed.,SIM_ALERT,+919730000022,D018
SMS00020,2026-09-10T15:05:00+05:30,+919000000000,+919730000025,UPI payment of INR 85000.00 has been processed.,TXN_ALERT,+919730000025,D001
SMS00021,2026-09-10T15:26:00+05:30,+919730000022,+919730000028,Security alert: new device login detected.,SECURITY,+919730000028,D006
SMS00022,2026-09-10T15:47:00+05:30,+919730000023,+919730000031,Your bank profile was accessed from a new IP.,SECURITY,+919730000031,D011
SMS00023,2026-09-10T16:08:00+05:30,+919730000024,+919730000034,Recharge successful.,NORMAL,+919730000034,D016
SMS00024,2026-09-10T16:29:00+05:30,+919000000000,+919730000001,OTP 493281 for beneficiary registration. Do not share this code.,OTP,+919730000001,D021
SMS00025,2026-09-10T16:50:00+05:30,+919730000026,+919730000004,Your SIM replacement request has been completed.,SIM_ALERT,+919730000004,D026
SMS00026,2026-09-10T17:11:00+05:30,+919730000027,+919730000007,UPI payment of INR 85000.00 has been processed.,TXN_ALERT,+919730000007,D031
SMS00027,2026-09-10T17:32:00+05:30,+919730000028,+919730000010,Security alert: new device login detected.,SECURITY,+919730000010,D036
SMS00028,2026-09-10T17:53:00+05:30,+919000000000,+919730000013,Your bank profile was accessed from a new IP.,SECURITY,+919730000013,D006
SMS00029,2026-09-10T18:14:00+05:30,+919730000030,+919730000016,Recharge successful.,NORMAL,+919730000016,D018
SMS00030,2026-09-10T18:35:00+05:30,+919730000031,+919730000019,OTP 493281 for beneficiary registration. Do not share this code.,OTP,+919730000019,D001
SMS00031,2026-09-10T18:56:00+05:30,+919730000032,+919730000022,Your SIM replacement request has been completed.,SIM_ALERT,+919730000022,D006
SMS00032,2026-09-10T19:17:00+05:30,+919000000000,+919730000025,UPI payment of INR 85000.00 has been processed.,TXN_ALERT,+919730000025,D011
SMS00033,2026-09-10T19:38:00+05:30,+919730000034,+919730000028,Security alert: new device login detected.,SECURITY,+919730000028,D016
SMS00034,2026-09-10T19:59:00+05:30,+919730000035,+919730000031,Your bank profile was accessed from a new IP.,SECURITY,+919730000031,D021
SMS00035,2026-09-10T20:20:00+05:30,+919730000036,+919730000034,Recharge successful.,NORMAL,+919730000034,D026
SMS00036,2026-09-10T20:41:00+05:30,+919000000000,+919730000001,OTP 493281 for beneficiary registration. Do not share this code.,OTP,+919730000001,D031
SMS00037,2026-09-10T21:02:00+05:30,+919730000002,+919730000004,Your SIM replacement request has been completed.,SIM_ALERT,+919730000004,D036
SMS00038,2026-09-10T21:23:00+05:30,+919730000003,+919730000007,UPI payment of INR 85000.00 has been processed.,TXN_ALERT,+919730000007,D006
SMS00039,2026-09-10T21:44:00+05:30,+919730000004,+919730000010,Security alert: new device login detected.,SECURITY,+919730000010,D018
SMS00040,2026-09-10T22:05:00+05:30,+919000000000,+919730000013,Your bank profile was accessed from a new IP.,SECURITY,+919730000013,D001
SMS00041,2026-09-10T22:26:00+05:30,+919730000006,+919730000016,Recharge successful.,NORMAL,+919730000016,D006
SMS00042,2026-09-10T22:47:00+05:30,+919730000007,+919730000019,OTP 493281 for beneficiary registration. Do not share this code.,OTP,+919730000019,D011
SMS00043,2026-09-10T23:08:00+05:30,+919730000008,+919730000022,Your SIM replacement request has been completed.,SIM_ALERT,+919730000022,D016
SMS00044,2026-09-10T23:29:00+05:30,+919000000000,+919730000025,UPI payment of INR 85000.00 has been processed.,TXN_ALERT,+919730000025,D021
SMS00045,2026-09-10T23:50:00+05:30,+919730000010,+919730000028,Security alert: new device login detected.,SECURITY,+919730000028,D026
SMS00046,2026-09-11T00:11:00+05:30,+919730000011,+919730000031,Your bank profile was accessed from a new IP.,SECURITY,+919730000031,D031
SMS00047,2026-09-11T00:32:00+05:30,+919730000012,+919730000034,Recharge successful.,NORMAL,+919730000034,D036
SMS00048,2026-09-11T00:53:00+05:30,+919000000000,+919730000001,OTP 493281 for beneficiary registration. Do not share this code.,OTP,+919730000001,D006
SMS00049,2026-09-11T01:14:00+05:30,+919730000014,+919730000004,Your SIM replacement request has been completed.,SIM_ALERT,+919730000004,D018
SMS00050,2026-09-11T01:35:00+05:30,+919730000015,+919730000007,UPI payment of INR 85000.00 has been processed.,TXN_ALERT,+919730000007,D001
SMS00051,2026-09-11T01:56:00+05:30,+919730000016,+919730000010,Security alert: new device login detected.,SECURITY,+919730000010,D006
SMS00052,2026-09-11T02:17:00+05:30,+919000000000,+919730000013,Your bank profile was accessed from a new IP.,SECURITY,+919730000013,D011
SMS00053,2026-09-11T02:38:00+05:30,+919730000018,+919730000016,Recharge successful.,NORMAL,+919730000016,D016
SMS00054,2026-09-11T02:59:00+05:30,+919730000019,+919730000019,OTP 493281 for beneficiary registration. Do not share this code.,OTP,+919730000019,D021
SMS00055,2026-09-11T03:20:00+05:30,+919730000020,+919730000022,Your SIM replacement request has been completed.,SIM_ALERT,+919730000022,D026
SMS00056,2026-09-11T03:41:00+05:30,+919000000000,+919730000025,UPI payment of INR 85000.00 has been processed.,TXN_ALERT,+919730000025,D031
SMS00057,2026-09-11T04:02:00+05:30,+919730000022,+919730000028,Security alert: new device login detected.,SECURITY,+919730000028,D036
SMS00058,2026-09-11T04:23:00+05:30,+919730000023,+919730000031,Your bank profile was accessed from a new IP.,SECURITY,+919730000031,D006
SMS00059,2026-09-11T04:44:00+05:30,+919730000024,+919730000034,Recharge successful.,NORMAL,+919730000034,D018
SMS00060,2026-09-11T05:05:00+05:30,+919000000000,+919730000001,OTP 493281 for beneficiary registration. Do not share this code.,OTP,+919730000001,D001
SMS00061,2026-09-11T05:26:00+05:30,+919730000026,+919730000004,Your SIM replacement request has been completed.,SIM_ALERT,+919730000004,D006
SMS00062,2026-09-11T05:47:00+05:30,+919730000027,+919730000007,UPI payment of INR 85000.00 has been processed.,TXN_ALERT,+919730000007,D011
SMS00063,2026-09-11T06:08:00+05:30,+919730000028,+919730000010,Security alert: new device login detected.,SECURITY,+919730000010,D016
SMS00064,2026-09-11T06:29:00+05:30,+919000000000,+919730000013,Your bank profile was accessed from a new IP.,SECURITY,+919730000013,D021
SMS00065,2026-09-11T06:50:00+05:30,+919730000030,+919730000016,Recharge successful.,NORMAL,+919730000016,D026
SMS00066,2026-09-11T07:11:00+05:30,+919730000031,+919730000019,OTP 493281 for beneficiary registration. Do not share this code.,OTP,+919730000019,D031
SMS00067,2026-09-11T07:32:00+05:30,+919730000032,+919730000022,Your SIM replacement request has been completed.,SIM_ALERT,+919730000022,D036
SMS00068,2026-09-11T07:53:00+05:30,+919000000000,+919730000025,UPI payment of INR 85000.00 has been processed.,TXN_ALERT,+919730000025,D006
SMS00069,2026-09-11T08:14:00+05:30,+919730000034,+919730000028,Security alert: new device login detected.,SECURITY,+919730000028,D018
SMS00070,2026-09-11T08:35:00+05:30,+919730000035,+919730000031,Your bank profile was accessed from a new IP.,SECURITY,+919730000031,D001
SMS00071,2026-09-11T08:56:00+05:30,+919730000036,+919730000034,Recharge successful.,NORMAL,+919730000034,D006
SMS00072,2026-09-11T09:17:00+05:30,+919000000000,+919730000001,OTP 493281 for beneficiary registration. Do not share this code.,OTP,+919730000001,D011
SMS00073,2026-09-11T09:38:00+05:30,+919730000002,+919730000004,Your SIM replacement request has been completed.,SIM_ALERT,+919730000004,D016
SMS00074,2026-09-11T09:59:00+05:30,+919730000003,+919730000007,UPI payment of INR 85000.00 has been processed.,TXN_ALERT,+919730000007,D021
SMS00075,2026-09-11T10:20:00+05:30,+919730000004,+919730000010,Security alert: new device login detected.,SECURITY,+919730000010,D026
SMS00076,2026-09-11T10:41:00+05:30,+919000000000,+919730000013,Your bank profile was accessed from a new IP.,SECURITY,+919730000013,D031
SMS00077,2026-09-11T11:02:00+05:30,+919730000006,+919730000016,Recharge successful.,NORMAL,+919730000016,D036
SMS00078,2026-09-11T11:23:00+05:30,+919730000007,+919730000019,OTP 493281 for beneficiary registration. Do not share this code.,OTP,+919730000019,D006
SMS00079,2026-09-11T11:44:00+05:30,+919730000008,+919730000022,Your SIM replacement request has been completed.,SIM_ALERT,+919730000022,D018
SMS00080,2026-09-11T12:05:00+05:30,+919000000000,+919730000025,UPI payment of INR 85000.00 has been processed.,TXN_ALERT,+919730000025,D001
SMS00081,2026-09-11T12:26:00+05:30,+919730000010,+919730000028,Security alert: new device login detected.,SECURITY,+919730000028,D006
SMS00082,2026-09-11T12:47:00+05:30,+919730000011,+919730000031,Your bank profile was accessed from a new IP.,SECURITY,+919730000031,D011
SMS00083,2026-09-11T13:08:00+05:30,+919730000012,+919730000034,Recharge successful.,NORMAL,+919730000034,D016
SMS00084,2026-09-11T13:29:00+05:30,+919000000000,+919730000001,OTP 493281 for beneficiary registration. Do not share this code.,OTP,+919730000001,D021
SMS00085,2026-09-11T13:50:00+05:30,+919730000014,+919730000004,Your SIM replacement request has been completed.,SIM_ALERT,+919730000004,D026
SMS00086,2026-09-11T14:11:00+05:30,+919730000015,+919730000007,UPI payment of INR 85000.00 has been processed.,TXN_ALERT,+919730000007,D031
SMS00087,2026-09-11T14:32:00+05:30,+919730000016,+919730000010,Security alert: new device login detected.,SECURITY,+919730000010,D036
SMS00088,2026-09-11T14:53:00+05:30,+919000000000,+919730000013,Your bank profile was accessed from a new IP.,SECURITY,+919730000013,D006
SMS00089,2026-09-11T15:14:00+05:30,+919730000018,+919730000016,Recharge successful.,NORMAL,+919730000016,D018
SMS00090,2026-09-11T15:35:00+05:30,+919730000019,+919730000019,OTP 493281 for beneficiary registration. Do not share this code.,OTP,+919730000019,D001
SMS00091,2026-09-11T15:56:00+05:30,+919730000020,+919730000022,Your SIM replacement request has been completed.,SIM_ALERT,+919730000022,D006
SMS00092,2026-09-11T16:17:00+05:30,+919000000000,+919730000025,UPI payment of INR 85000.00 has been processed.,TXN_ALERT,+919730000025,D011
SMS00093,2026-09-11T16:38:00+05:30,+919730000022,+919730000028,Security alert: new device login detected.,SECURITY,+919730000028,D016
SMS00094,2026-09-11T16:59:00+05:30,+919730000023,+919730000031,Your bank profile was accessed from a new IP.,SECURITY,+919730000031,D021
SMS00095,2026-09-11T17:20:00+05:30,+919730000024,+919730000034,Recharge successful.,NORMAL,+919730000034,D026
SMS00096,2026-09-11T17:41:00+05:30,+919000000000,+919730000001,OTP 493281 for beneficiary registration. Do not share this code.,OTP,+919730000001,D031
SMS00097,2026-09-11T18:02:00+05:30,+919730000026,+919730000004,Your SIM replacement request has been completed.,SIM_ALERT,+919730000004,D036
SMS00098,2026-09-11T18:23:00+05:30,+919730000027,+919730000007,UPI payment of INR 85000.00 has been processed.,TXN_ALERT,+919730000007,D006
SMS00099,2026-09-11T18:44:00+05:30,+919730000028,+919730000010,Security alert: new device login detected.,SECURITY,+919730000010,D018
SMS00100,2026-09-11T19:05:00+05:30,+919000000000,+919730000013,Your bank profile was accessed from a new IP.,SECURITY,+919730000013,D001
SMS00101,2026-09-11T19:26:00+05:30,+919730000030,+919730000016,Recharge successful.,NORMAL,+919730000016,D006
SMS00102,2026-09-11T19:47:00+05:30,+919730000031,+919730000019,OTP 493281 for beneficiary registration. Do not share this code.,OTP,+919730000019,D011
SMS00103,2026-09-11T20:08:00+05:30,+919730000032,+919730000022,Your SIM replacement request has been completed.,SIM_ALERT,+919730000022,D016
SMS00104,2026-09-11T20:29:00+05:30,+919000000000,+919730000025,UPI payment of INR 85000.00 has been processed.,TXN_ALERT,+919730000025,D021
SMS00105,2026-09-11T20:50:00+05:30,+919730000034,+919730000028,Security alert: new device login detected.,SECURITY,+919730000028,D026
SMS00106,2026-09-11T21:11:00+05:30,+919730000035,+919730000031,Your bank profile was accessed from a new IP.,SECURITY,+919730000031,D031
SMS00107,2026-09-11T21:32:00+05:30,+919730000036,+919730000034,Recharge successful.,NORMAL,+919730000034,D036
SMS00108,2026-09-11T21:53:00+05:30,+919000000000,+919730000001,OTP 493281 for beneficiary registration. Do not share this code.,OTP,+919730000001,D006
SMS00109,2026-09-11T22:14:00+05:30,+919730000002,+919730000004,Your SIM replacement request has been completed.,SIM_ALERT,+919730000004,D018
SMS00110,2026-09-11T22:35:00+05:30,+919730000003,+919730000007,UPI payment of INR 85000.00 has been processed.,TXN_ALERT,+919730000007,D001
SMS00111,2026-09-11T22:56:00+05:30,+919730000004,+919730000010,Security alert: new device login detected.,SECURITY,+919730000010,D006
SMS00112,2026-09-11T23:17:00+05:30,+919000000000,+919730000013,Your bank profile was accessed from a new IP.,SECURITY,+919730000013,D011
SMS00113,2026-09-11T23:38:00+05:30,+919730000006,+919730000016,Recharge successful.,NORMAL,+919730000016,D016
SMS00114,2026-09-11T23:59:00+05:30,+919730000007,+919730000019,OTP 493281 for beneficiary registration. Do not share this code.,OTP,+919730000019,D021
SMS00115,2026-09-12T00:20:00+05:30,+919730000008,+919730000022,Your SIM replacement request has been completed.,SIM_ALERT,+919730000022,D026
SMS00116,2026-09-12T00:41:00+05:30,+919000000000,+919730000025,UPI payment of INR 85000.00 has been processed.,TXN_ALERT,+919730000025,D031
SMS00117,2026-09-12T01:02:00+05:30,+919730000010,+919730000028,Security alert: new device login detected.,SECURITY,+919730000028,D036
SMS00118,2026-09-12T01:23:00+05:30,+919730000011,+919730000031,Your bank profile was accessed from a new IP.,SECURITY,+919730000031,D006
SMS00119,2026-09-12T01:44:00+05:30,+919730000012,+919730000034,Recharge successful.,NORMAL,+919730000034,D018
SMS00120,2026-09-12T02:05:00+05:30,+919000000000,+919730000001,OTP 493281 for beneficiary registration. Do not share this code.,OTP,+919730000001,D001
SMS00121,2026-09-12T02:26:00+05:30,+919730000014,+919730000004,Your SIM replacement request has been completed.,SIM_ALERT,+919730000004,D006
SMS00122,2026-09-12T02:47:00+05:30,+919730000015,+919730000007,UPI payment of INR 85000.00 has been processed.,TXN_ALERT,+919730000007,D011
SMS00123,2026-09-12T03:08:00+05:30,+919730000016,+919730000010,Security alert: new device login detected.,SECURITY,+919730000010,D016
SMS00124,2026-09-12T03:29:00+05:30,+919000000000,+919730000013,Your bank profile was accessed from a new IP.,SECURITY,+919730000013,D021
SMS00125,2026-09-12T03:50:00+05:30,+919730000018,+919730000016,Recharge successful.,NORMAL,+919730000016,D026
SMS00126,2026-09-12T04:11:00+05:30,+919730000019,+919730000019,OTP 493281 for beneficiary registration. Do not share this code.,OTP,+919730000019,D031
SMS00127,2026-09-12T04:32:00+05:30,+919730000020,+919730000022,Your SIM replacement request has been completed.,SIM_ALERT,+919730000022,D036
SMS00128,2026-09-12T04:53:00+05:30,+919000000000,+919730000025,UPI payment of INR 85000.00 has been processed.,TXN_ALERT,+919730000025,D006
SMS00129,2026-09-12T05:14:00+05:30,+919730000022,+919730000028,Security alert: new device login detected.,SECURITY,+919730000028,D018
SMS00130,2026-09-12T05:35:00+05:30,+919730000023,+919730000031,Your bank profile was accessed from a new IP.,SECURITY,+919730000031,D001
SMS00131,2026-09-12T05:56:00+05:30,+919730000024,+919730000034,Recharge successful.,NORMAL,+919730000034,D006
SMS00132,2026-09-12T06:17:00+05:30,+919000000000,+919730000001,OTP 493281 for beneficiary registration. Do not share this code.,OTP,+919730000001,D011
SMS00133,2026-09-12T06:38:00+05:30,+919730000026,+919730000004,Your SIM replacement request has been completed.,SIM_ALERT,+919730000004,D016
SMS00134,2026-09-12T06:59:00+05:30,+919730000027,+919730000007,UPI payment of INR 85000.00 has been processed.,TXN_ALERT,+919730000007,D021
SMS00135,2026-09-12T07:20:00+05:30,+919730000028,+919730000010,Security alert: new device login detected.,SECURITY,+919730000010,D026
SMS00136,2026-09-12T07:41:00+05:30,+919000000000,+919730000013,Your bank profile was accessed from a new IP.,SECURITY,+919730000013,D031
SMS00137,2026-09-12T08:02:00+05:30,+919730000030,+919730000016,Recharge successful.,NORMAL,+919730000016,D036
SMS00138,2026-09-12T08:23:00+05:30,+919730000031,+919730000019,OTP 493281 for beneficiary registration. Do not share this code.,OTP,+919730000019,D006
SMS00139,2026-09-12T08:44:00+05:30,+919730000032,+919730000022,Your SIM replacement request has been completed.,SIM_ALERT,+919730000022,D018
SMS00140,2026-09-12T09:05:00+05:30,+919000000000,+919730000025,UPI payment of INR 85000.00 has been processed.,TXN_ALERT,+919730000025,D001
SMS00141,2026-09-12T09:26:00+05:30,+919730000034,+919730000028,Security alert: new device login detected.,SECURITY,+919730000028,D006
SMS00142,2026-09-12T09:47:00+05:30,+919730000035,+919730000031,Your bank profile was accessed from a new IP.,SECURITY,+919730000031,D011
SMS00143,2026-09-12T10:08:00+05:30,+919730000036,+919730000034,Recharge successful.,NORMAL,+919730000034,D016
SMS00144,2026-09-12T10:29:00+05:30,+919000000000,+919730000001,OTP 493281 for beneficiary registration. Do not share this code.,OTP,+919730000001,D021
SMS00145,2026-09-12T10:50:00+05:30,+919730000002,+919730000004,Your SIM replacement request has been completed.,SIM_ALERT,+919730000004,D026
SMS00146,2026-09-12T11:11:00+05:30,+919730000003,+919730000007,UPI payment of INR 85000.00 has been processed.,TXN_ALERT,+919730000007,D031
SMS00147,2026-09-12T11:32:00+05:30,+919730000004,+919730000010,Security alert: new device login detected.,SECURITY,+919730000010,D036
SMS00148,2026-09-12T11:53:00+05:30,+919000000000,+919730000013,Your bank profile was accessed from a new IP.,SECURITY,+919730000013,D006
SMS00149,2026-09-12T12:14:00+05:30,+919730000006,+919730000016,Recharge successful.,NORMAL,+919730000016,D018
SMS00150,2026-09-12T12:35:00+05:30,+919730000007,+919730000019,OTP 493281 for beneficiary registration. Do not share this code.,OTP,+919730000019,D001
SMS00151,2026-09-12T12:56:00+05:30,+919730000008,+919730000022,Your SIM replacement request has been completed.,SIM_ALERT,+919730000022,D006
SMS00152,2026-09-12T13:17:00+05:30,+919000000000,+919730000025,UPI payment of INR 85000.00 has been processed.,TXN_ALERT,+919730000025,D011
SMS00153,2026-09-12T13:38:00+05:30,+919730000010,+919730000028,Security alert: new device login detected.,SECURITY,+919730000028,D016
SMS00154,2026-09-12T13:59:00+05:30,+919730000011,+919730000031,Your bank profile was accessed from a new IP.,SECURITY,+919730000031,D021
SMS00155,2026-09-12T14:20:00+05:30,+919730000012,+919730000034,Recharge successful.,NORMAL,+919730000034,D026
SMS00156,2026-09-12T14:41:00+05:30,+919000000000,+919730000001,OTP 493281 for beneficiary registration. Do not share this code.,OTP,+919730000001,D031
SMS00157,2026-09-12T15:02:00+05:30,+919730000014,+919730000004,Your SIM replacement request has been completed.,SIM_ALERT,+919730000004,D036
SMS00158,2026-09-12T15:23:00+05:30,+919730000015,+919730000007,UPI payment of INR 85000.00 has been processed.,TXN_ALERT,+919730000007,D006
SMS00159,2026-09-12T15:44:00+05:30,+919730000016,+919730000010,Security alert: new device login detected.,SECURITY,+919730000010,D018
SMS00160,2026-09-12T16:05:00+05:30,+919000000000,+919730000013,Your bank profile was accessed from a new IP.,SECURITY,+919730000013,D001
SMS00161,2026-09-12T16:26:00+05:30,+919730000018,+919730000016,Recharge successful.,NORMAL,+919730000016,D006
SMS00162,2026-09-12T16:47:00+05:30,+919730000019,+919730000019,OTP 493281 for beneficiary registration. Do not share this code.,OTP,+919730000019,D011
SMS00163,2026-09-12T17:08:00+05:30,+919730000020,+919730000022,Your SIM replacement request has been completed.,SIM_ALERT,+919730000022,D016
SMS00164,2026-09-12T17:29:00+05:30,+919000000000,+919730000025,UPI payment of INR 85000.00 has been processed.,TXN_ALERT,+919730000025,D021
SMS00165,2026-09-12T17:50:00+05:30,+919730000022,+919730000028,Security alert: new device login detected.,SECURITY,+919730000028,D026
SMS00166,2026-09-12T18:11:00+05:30,+919730000023,+919730000031,Your bank profile was accessed from a new IP.,SECURITY,+919730000031,D031
SMS00167,2026-09-12T18:32:00+05:30,+919730000024,+919730000034,Recharge successful.,NORMAL,+919730000034,D036
SMS00168,2026-09-12T18:53:00+05:30,+919000000000,+919730000001,OTP 493281 for beneficiary registration. Do not share this code.,OTP,+919730000001,D006
SMS00169,2026-09-12T19:14:00+05:30,+919730000026,+919730000004,Your SIM replacement request has been completed.,SIM_ALERT,+919730000004,D018
SMS00170,2026-09-12T19:35:00+05:30,+919730000027,+919730000007,UPI payment of INR 85000.00 has been processed.,TXN_ALERT,+919730000007,D001
SMS00171,2026-09-12T19:56:00+05:30,+919730000028,+919730000010,Security alert: new device login detected.,SECURITY,+919730000010,D006
SMS00172,2026-09-12T20:17:00+05:30,+919000000000,+919730000013,Your bank profile was accessed from a new IP.,SECURITY,+919730000013,D011
SMS00173,2026-09-12T20:38:00+05:30,+919730000030,+919730000016,Recharge successful.,NORMAL,+919730000016,D016
SMS00174,2026-09-12T20:59:00+05:30,+919730000031,+919730000019,OTP 493281 for beneficiary registration. Do not share this code.,OTP,+919730000019,D021
SMS00175,2026-09-12T21:20:00+05:30,+919730000032,+919730000022,Your SIM replacement request has been completed.,SIM_ALERT,+919730000022,D026
SMS00176,2026-09-12T21:41:00+05:30,+919000000000,+919730000025,UPI payment of INR 85000.00 has been processed.,TXN_ALERT,+919730000025,D031
SMS00177,2026-09-12T22:02:00+05:30,+919730000034,+919730000028,Security alert: new device login detected.,SECURITY,+919730000028,D036
SMS00178,2026-09-12T22:23:00+05:30,+919730000035,+919730000031,Your bank profile was accessed from a new IP.,SECURITY,+919730000031,D006
SMS00179,2026-09-12T22:44:00+05:30,+919730000036,+919730000034,Recharge successful.,NORMAL,+919730000034,D018
SMS00180,2026-09-12T23:05:00+05:30,+919000000000,+919730000001,OTP 493281 for beneficiary registration. Do not share this code.,OTP,+919730000001,D001
SMS00181,2026-09-12T23:26:00+05:30,+919730000002,+919730000004,Your SIM replacement request has been completed.,SIM_ALERT,+919730000004,D006
SMS00182,2026-09-12T23:47:00+05:30,+919730000003,+919730000007,UPI payment of INR 85000.00 has been processed.,TXN_ALERT,+919730000007,D011
SMS00183,2026-09-13T00:08:00+05:30,+919730000004,+919730000010,Security alert: new device login detected.,SECURITY,+919730000010,D016
SMS00184,2026-09-13T00:29:00+05:30,+919000000000,+919730000013,Your bank profile was accessed from a new IP.,SECURITY,+919730000013,D021
SMS00185,2026-09-13T00:50:00+05:30,+919730000006,+919730000016,Recharge successful.,NORMAL,+919730000016,D026
SMS00186,2026-09-13T01:11:00+05:30,+919730000007,+919730000019,OTP 493281 for beneficiary registration. Do not share this code.,OTP,+919730000019,D031
SMS00187,2026-09-13T01:32:00+05:30,+919730000008,+919730000022,Your SIM replacement request has been completed.,SIM_ALERT,+919730000022,D036
SMS00188,2026-09-13T01:53:00+05:30,+919000000000,+919730000025,UPI payment of INR 85000.00 has been processed.,TXN_ALERT,+919730000025,D006
SMS00189,2026-09-13T02:14:00+05:30,+919730000010,+919730000028,Security alert: new device login detected.,SECURITY,+919730000028,D018
SMS00190,2026-09-13T02:35:00+05:30,+919730000011,+919730000031,Your bank profile was accessed from a new IP.,SECURITY,+919730000031,D001
SMS00191,2026-09-13T02:56:00+05:30,+919730000012,+919730000034,Recharge successful.,NORMAL,+919730000034,D006
SMS00192,2026-09-13T03:17:00+05:30,+919000000000,+919730000001,OTP 493281 for beneficiary registration. Do not share this code.,OTP,+919730000001,D011
SMS00193,2026-09-13T03:38:00+05:30,+919730000014,+919730000004,Your SIM replacement request has been completed.,SIM_ALERT,+919730000004,D016
SMS00194,2026-09-13T03:59:00+05:30,+919730000015,+919730000007,UPI payment of INR 85000.00 has been processed.,TXN_ALERT,+919730000007,D021
SMS00195,2026-09-13T04:20:00+05:30,+919730000016,+919730000010,Security alert: new device login detected.,SECURITY,+919730000010,D026
SMS00196,2026-09-13T04:41:00+05:30,+919000000000,+919730000013,Your bank profile was accessed from a new IP.,SECURITY,+919730000013,D031
SMS00197,2026-09-13T05:02:00+05:30,+919730000018,+919730000016,Recharge successful.,NORMAL,+919730000016,D036
SMS00198,2026-09-13T05:23:00+05:30,+919730000019,+919730000019,OTP 493281 for beneficiary registration. Do not share this code.,OTP,+919730000019,D006
SMS00199,2026-09-13T05:44:00+05:30,+919730000020,+919730000022,Your SIM replacement request has been completed.,SIM_ALERT,+919730000022,D018
SMS00200,2026-09-13T06:05:00+05:30,+919000000000,+919730000025,UPI payment of INR 85000.00 has been processed.,TXN_ALERT,+919730000025,D001
SMS00201,2026-09-10T22:59:00+05:30,+919000000000,+919730000001,Your SIM replacement has been initiated.,SIM_ALERT,+919730000001,D001
SMS00202,2026-09-10T23:01:00+05:30,+919000000000,+919730000001,OTP 771203 for beneficiary registration.,OTP,+919730000001,D001
SMS00203,2026-09-10T23:03:00+05:30,+919000000000,+919730000001,UPI transaction confirmation received.,TXN_ALERT,+919730000001,D001
SMS00204,2026-09-10T23:06:00+05:30,+919000000000,+919730000002,Your SIM replacement has been initiated.,SIM_ALERT,+919730000002,D002
SMS00205,2026-09-10T23:08:00+05:30,+919000000000,+919730000002,OTP 771203 for beneficiary registration.,OTP,+919730000002,D002
SMS00206,2026-09-10T23:10:00+05:30,+919000000000,+919730000002,UPI transaction confirmation received.,TXN_ALERT,+919730000002,D002
SMS00207,2026-09-10T23:14:00+05:30,+919000000000,+919730000003,Your SIM replacement has been initiated.,SIM_ALERT,+919730000003,D003
SMS00208,2026-09-10T23:16:00+05:30,+919000000000,+919730000003,OTP 771203 for beneficiary registration.,OTP,+919730000003,D003
SMS00209,2026-09-10T23:18:00+05:30,+919000000000,+919730000003,UPI transaction confirmation received.,TXN_ALERT,+919730000003,D003
SMS00210,2026-09-10T23:22:00+05:30,+919000000000,+919730000004,Your SIM replacement has been initiated.,SIM_ALERT,+919730000004,D004
SMS00211,2026-09-10T23:24:00+05:30,+919000000000,+919730000004,OTP 771203 for beneficiary registration.,OTP,+919730000004,D004
SMS00212,2026-09-10T23:26:00+05:30,+919000000000,+919730000004,UPI transaction confirmation received.,TXN_ALERT,+919730000004,D004
