transaction_id,timestamp,sender_account,receiver_account,amount,upi_id,transaction_type,status,reference_no,channel
TXN000001,2026-09-10T08:22:00+05:30,410200000004,410200000013,12500.00,ananya13@okaxis,UPI,SUCCESS,RRN800000000001,BANKING_APP
TXN000002,2026-09-10T08:45:00+05:30,410200000007,410200000020,250.00,riya20@okaxis,NEFT,SUCCESS,RRN800000000002,APP
TXN000003,2026-09-10T09:02:00+05:30,410200000010,410200000027,1200.00,rahul27@okaxis,UPI,FAILED,RRN800000000003,APP
TXN000004,2026-09-10T09:19:00+05:30,410200000013,410200000034,3500.00,mihir34@okaxis,NEFT,SUCCESS,RRN800000000004,WEB
TXN000005,2026-09-10T09:33:00+05:30,410200000016,410200000005,5000.00,kabir5@okaxis,IMPS,SUCCESS,RRN800000000005,APP
TXN000006,2026-09-10T09:48:00+05:30,410200000019,410200000012,250.00,dhruv12@okaxis,NEFT,SUCCESS,RRN800000000006,WEB
TXN000007,2026-09-10T09:59:00+05:30,410200000022,410200000019,9900.00,sana19@okaxis,NEFT,SUCCESS,RRN800000000007,WEB
TXN000008,2026-09-10T10:23:00+05:30,410200000025,410200000026,3500.00,tara26@okaxis,IMPS,SUCCESS,RRN800000000008,BANKING_APP
TXN000009,2026-09-10T10:38:00+05:30,410200000028,410200000033,9900.00,harsh33@okaxis,UPI,SUCCESS,RRN800000000009,WEB
TXN000010,2026-09-10T10:57:00+05:30,410200000031,410200000004,2400.00,arjun4@okaxis,IMPS,SUCCESS,RRN800000000010,BANKING_APP
TXN000011,2026-09-10T11:10:00+05:30,410200000034,410200000011,3500.00,ishaan11@okaxis,IMPS,SUCCESS,RRN800000000011,BANKING_APP
TXN000012,2026-09-10T11:36:00+05:30,410200000001,410200000018,1200.00,kiara18@okaxis,IMPS,REVERSED,RRN800000000012,BANKING_APP
TXN000013,2026-09-10T11:51:00+05:30,410200000004,410200000025,750.00,maya25@okaxis,NEFT,SUCCESS,RRN800000000013,APP
TXN000014,2026-09-10T12:06:00+05:30,410200000007,410200000032,750.00,aniket32@okaxis,IMPS,FAILED,RRN800000000014,BANKING_APP
TXN000015,2026-09-10T12:21:00+05:30,410200000010,410200000003,750.00,aditya3@okaxis,NEFT,SUCCESS,RRN800000000015,WEB
TXN000016,2026-09-10T12:39:00+05:30,410200000013,410200000010,7500.00,manav10@okaxis,UPI,REVERSED,RRN800000000016,BANKING_APP
TXN000017,2026-09-10T12:52:00+05:30,410200000016,410200000017,9900.00,aisha17@okaxis,IMPS,SUCCESS,RRN800000000017,APP
TXN000018,2026-09-10T13:18:00+05:30,410200000019,410200000024,12500.00,kavya24@okaxis,NEFT,SUCCESS,RRN800000000018,WEB
TXN000019,2026-09-10T13:24:00+05:30,410200000022,410200000031,750.00,dev31@okaxis,UPI,SUCCESS,RRN800000000019,WEB
TXN000020,2026-09-10T13:41:00+05:30,410200000025,410200000002,3500.00,vivaan2@okaxis,IMPS,SUCCESS,RRN800000000020,WEB
TXN000021,2026-09-10T14:09:00+05:30,410200000028,410200000009,12500.00,nikhil9@okaxis,UPI,SUCCESS,RRN800000000021,WEB
TXN000022,2026-09-10T14:26:00+05:30,410200000031,410200000016,250.00,meera16@okaxis,UPI,SUCCESS,RRN800000000022,WEB
TXN000023,2026-09-10T14:31:00+05:30,410200000034,410200000023,1800.00,simran23@okaxis,UPI,SUCCESS,RRN800000000023,BANKING_APP
TXN000024,2026-09-10T14:52:00+05:30,410200000001,410200000030,2400.00,pranav30@okaxis,UPI,SUCCESS,RRN800000000024,APP
TXN000025,2026-09-10T15:07:00+05:30,410200000004,410200000001,1800.00,aarav1@okaxis,UPI,SUCCESS,RRN800000000025,APP
TXN000026,2026-09-10T15:31:00+05:30,410200000007,410200000008,3500.00,kunal8@okaxis,IMPS,SUCCESS,RRN800000000026,WEB
TXN000027,2026-09-10T15:44:00+05:30,410200000010,410200000015,250.00,ira15@okaxis,NEFT,SUCCESS,RRN800000000027,APP
TXN000028,2026-09-10T16:01:00+05:30,410200000013,410200000022,9900.00,pooja22@okaxis,IMPS,SUCCESS,RRN800000000028,APP
TXN000029,2026-09-10T16:19:00+05:30,410200000016,410200000029,1200.00,varun29@okaxis,UPI,SUCCESS,RRN800000000029,APP
TXN000030,2026-09-10T16:33:00+05:30,410200000019,410200000036,480.00,reyansh36@okaxis,IMPS,SUCCESS,RRN800000000030,BANKING_APP
TXN000031,2026-09-10T16:58:00+05:30,410200000022,410200000007,750.00,yash7@okaxis,IMPS,SUCCESS,RRN800000000031,WEB
TXN000032,2026-09-10T17:05:00+05:30,410200000025,410200000014,9900.00,diya14@okaxis,NEFT,REVERSED,RRN800000000032,APP
TXN000033,2026-09-10T17:27:00+05:30,410200000028,410200000021,2400.00,neha21@okaxis,IMPS,SUCCESS,RRN800000000033,WEB
TXN000034,2026-09-10T17:39:00+05:30,410200000031,410200000028,3500.00,siddharth28@okaxis,IMPS,SUCCESS,RRN800000000034,BANKING_APP
TXN000035,2026-09-10T18:05:00+05:30,410200000034,410200000035,2400.00,naman35@okaxis,UPI,SUCCESS,RRN800000000035,BANKING_APP
TXN000036,2026-09-10T18:21:00+05:30,410200000001,410200000006,480.00,rohan6@okaxis,NEFT,SUCCESS,RRN800000000036,APP
TXN000037,2026-09-10T18:33:00+05:30,410200000004,410200000013,1800.00,ananya13@okaxis,NEFT,SUCCESS,RRN800000000037,APP
TXN000038,2026-09-10T18:55:00+05:30,410200000007,410200000020,3500.00,riya20@okaxis,UPI,SUCCESS,RRN800000000038,WEB
TXN000039,2026-09-10T19:13:00+05:30,410200000010,410200000027,1200.00,rahul27@okaxis,NEFT,SUCCESS,RRN800000000039,WEB
TXN000040,2026-09-10T19:24:00+05:30,410200000013,410200000034,2400.00,mihir34@okaxis,NEFT,FAILED,RRN800000000040,APP
TXN000041,2026-09-10T19:49:00+05:30,410200000016,410200000005,7500.00,kabir5@okaxis,IMPS,SUCCESS,RRN800000000041,BANKING_APP
TXN000042,2026-09-10T20:02:00+05:30,410200000019,410200000012,3500.00,dhruv12@okaxis,IMPS,SUCCESS,RRN800000000042,WEB
TXN000043,2026-09-10T20:23:00+05:30,410200000022,410200000019,3500.00,sana19@okaxis,NEFT,SUCCESS,RRN800000000043,APP
TXN000044,2026-09-10T20:35:00+05:30,410200000025,410200000026,2400.00,tara26@okaxis,IMPS,SUCCESS,RRN800000000044,APP
TXN000045,2026-09-10T20:47:00+05:30,410200000028,410200000033,2400.00,harsh33@okaxis,IMPS,SUCCESS,RRN800000000045,BANKING_APP
TXN000046,2026-09-10T21:04:00+05:30,410200000031,410200000004,12500.00,arjun4@okaxis,UPI,SUCCESS,RRN800000000046,WEB
TXN000047,2026-09-10T21:30:00+05:30,410200000034,410200000011,9900.00,ishaan11@okaxis,NEFT,REVERSED,RRN800000000047,BANKING_APP
TXN000048,2026-09-10T21:47:00+05:30,410200000001,410200000018,3500.00,kiara18@okaxis,IMPS,SUCCESS,RRN800000000048,BANKING_APP
TXN000049,2026-09-10T21:57:00+05:30,410200000004,410200000025,1200.00,maya25@okaxis,UPI,SUCCESS,RRN800000000049,BANKING_APP
TXN000050,2026-09-10T22:17:00+05:30,410200000007,410200000032,250.00,aniket32@okaxis,UPI,SUCCESS,RRN800000000050,WEB
TXN000051,2026-09-10T22:28:00+05:30,410200000010,410200000003,2400.00,aditya3@okaxis,IMPS,SUCCESS,RRN800000000051,BANKING_APP
TXN000052,2026-09-10T22:50:00+05:30,410200000013,410200000010,12500.00,manav10@okaxis,UPI,SUCCESS,RRN800000000052,BANKING_APP
TXN000053,2026-09-10T23:12:00+05:30,410200000016,410200000017,250.00,aisha17@okaxis,NEFT,SUCCESS,RRN800000000053,APP
TXN000054,2026-09-10T23:26:00+05:30,410200000019,410200000024,250.00,kavya24@okaxis,UPI,FAILED,RRN800000000054,WEB
TXN000055,2026-09-10T23:44:00+05:30,410200000022,410200000031,1800.00,dev31@okaxis,UPI,SUCCESS,RRN800000000055,APP
TXN000056,2026-09-10T23:59:00+05:30,410200000025,410200000002,3500.00,vivaan2@okaxis,UPI,SUCCESS,RRN800000000056,BANKING_APP
TXN000057,2026-09-11T00:09:00+05:30,410200000028,410200000009,9900.00,nikhil9@okaxis,UPI,SUCCESS,RRN800000000057,BANKING_APP
TXN000058,2026-09-11T00:30:00+05:30,410200000031,410200000016,5000.00,meera16@okaxis,IMPS,SUCCESS,RRN800000000058,WEB
TXN000059,2026-09-11T00:53:00+05:30,410200000034,410200000023,9900.00,simran23@okaxis,UPI,SUCCESS,RRN800000000059,APP
TXN000060,2026-09-11T01:12:00+05:30,410200000001,410200000030,5000.00,pranav30@okaxis,NEFT,REVERSED,RRN800000000060,APP
TXN000061,2026-09-11T01:25:00+05:30,410200000004,410200000001,3500.00,aarav1@okaxis,NEFT,SUCCESS,RRN800000000061,WEB
TXN000062,2026-09-11T01:43:00+05:30,410200000007,410200000008,250.00,kunal8@okaxis,IMPS,SUCCESS,RRN800000000062,BANKING_APP
TXN000063,2026-09-11T01:51:00+05:30,410200000010,410200000015,12500.00,ira15@okaxis,NEFT,SUCCESS,RRN800000000063,BANKING_APP
TXN000064,2026-09-11T02:12:00+05:30,410200000013,410200000022,1200.00,pooja22@okaxis,IMPS,FAILED,RRN800000000064,WEB
TXN000065,2026-09-11T02:35:00+05:30,410200000016,410200000029,1800.00,varun29@okaxis,IMPS,SUCCESS,RRN800000000065,BANKING_APP
TXN000066,2026-09-11T02:46:00+05:30,410200000019,410200000036,2400.00,reyansh36@okaxis,UPI,REVERSED,RRN800000000066,BANKING_APP
TXN000067,2026-09-11T03:06:00+05:30,410200000022,410200000007,2400.00,yash7@okaxis,NEFT,SUCCESS,RRN800000000067,BANKING_APP
TXN000068,2026-09-11T03:23:00+05:30,410200000025,410200000014,9900.00,diya14@okaxis,NEFT,SUCCESS,RRN800000000068,BANKING_APP
TXN000069,2026-09-11T03:36:00+05:30,410200000028,410200000021,480.00,neha21@okaxis,UPI,SUCCESS,RRN800000000069,BANKING_APP
TXN000070,2026-09-11T03:59:00+05:30,410200000031,410200000028,12500.00,siddharth28@okaxis,IMPS,SUCCESS,RRN800000000070,WEB
TXN000071,2026-09-11T04:10:00+05:30,410200000034,410200000035,7500.00,naman35@okaxis,IMPS,SUCCESS,RRN800000000071,APP
TXN000072,2026-09-11T04:30:00+05:30,410200000001,410200000006,250.00,rohan6@okaxis,NEFT,REVERSED,RRN800000000072,APP
TXN000073,2026-09-11T04:45:00+05:30,410200000004,410200000013,9900.00,ananya13@okaxis,IMPS,REVERSED,RRN800000000073,APP
TXN000074,2026-09-11T05:07:00+05:30,410200000007,410200000020,3500.00,riya20@okaxis,NEFT,SUCCESS,RRN800000000074,BANKING_APP
TXN000075,2026-09-11T05:21:00+05:30,410200000010,410200000027,480.00,rahul27@okaxis,UPI,SUCCESS,RRN800000000075,BANKING_APP
TXN000076,2026-09-11T05:41:00+05:30,410200000013,410200000034,7500.00,mihir34@okaxis,IMPS,SUCCESS,RRN800000000076,APP
TXN000077,2026-09-11T05:59:00+05:30,410200000016,410200000005,250.00,kabir5@okaxis,UPI,SUCCESS,RRN800000000077,APP
TXN000078,2026-09-11T06:17:00+05:30,410200000019,410200000012,1200.00,dhruv12@okaxis,UPI,SUCCESS,RRN800000000078,BANKING_APP
TXN000079,2026-09-11T06:32:00+05:30,410200000022,410200000019,3500.00,sana19@okaxis,IMPS,SUCCESS,RRN800000000079,APP
TXN000080,2026-09-11T06:50:00+05:30,410200000025,410200000026,12500.00,tara26@okaxis,IMPS,SUCCESS,RRN800000000080,BANKING_APP
TXN000081,2026-09-11T07:04:00+05:30,410200000028,410200000033,12500.00,harsh33@okaxis,NEFT,SUCCESS,RRN800000000081,WEB
TXN000082,2026-09-11T07:15:00+05:30,410200000031,410200000004,480.00,arjun4@okaxis,IMPS,SUCCESS,RRN800000000082,APP
TXN000083,2026-09-11T07:32:00+05:30,410200000034,410200000011,9900.00,ishaan11@okaxis,NEFT,REVERSED,RRN800000000083,BANKING_APP
TXN000084,2026-09-11T07:55:00+05:30,410200000001,410200000018,2400.00,kiara18@okaxis,NEFT,SUCCESS,RRN800000000084,APP
TXN000085,2026-09-11T08:17:00+05:30,410200000004,410200000025,750.00,maya25@okaxis,NEFT,SUCCESS,RRN800000000085,APP
TXN000086,2026-09-11T08:31:00+05:30,410200000007,410200000032,3500.00,aniket32@okaxis,IMPS,SUCCESS,RRN800000000086,WEB
TXN000087,2026-09-11T08:50:00+05:30,410200000010,410200000003,750.00,aditya3@okaxis,IMPS,SUCCESS,RRN800000000087,WEB
TXN000088,2026-09-11T09:04:00+05:30,410200000013,410200000010,3500.00,manav10@okaxis,NEFT,SUCCESS,RRN800000000088,WEB
TXN000089,2026-09-11T09:15:00+05:30,410200000016,410200000017,480.00,aisha17@okaxis,NEFT,SUCCESS,RRN800000000089,WEB
TXN000090,2026-09-11T09:39:00+05:30,410200000019,410200000024,5000.00,kavya24@okaxis,UPI,SUCCESS,RRN800000000090,BANKING_APP
TXN000091,2026-09-11T09:58:00+05:30,410200000022,410200000031,7500.00,dev31@okaxis,UPI,SUCCESS,RRN800000000091,BANKING_APP
TXN000092,2026-09-11T10:10:00+05:30,410200000025,410200000002,2400.00,vivaan2@okaxis,IMPS,FAILED,RRN800000000092,APP
TXN000093,2026-09-11T10:31:00+05:30,410200000028,410200000009,250.00,nikhil9@okaxis,UPI,SUCCESS,RRN800000000093,WEB
TXN000094,2026-09-11T10:41:00+05:30,410200000031,410200000016,480.00,meera16@okaxis,NEFT,SUCCESS,RRN800000000094,BANKING_APP
TXN000095,2026-09-11T11:00:00+05:30,410200000034,410200000023,7500.00,simran23@okaxis,IMPS,SUCCESS,RRN800000000095,WEB
TXN000096,2026-09-11T11:14:00+05:30,410200000001,410200000030,1200.00,pranav30@okaxis,IMPS,SUCCESS,RRN800000000096,WEB
TXN000097,2026-09-11T11:30:00+05:30,410200000004,410200000001,250.00,aarav1@okaxis,NEFT,SUCCESS,RRN800000000097,APP
TXN000098,2026-09-11T11:58:00+05:30,410200000007,410200000008,9900.00,kunal8@okaxis,IMPS,SUCCESS,RRN800000000098,BANKING_APP
TXN000099,2026-09-11T12:09:00+05:30,410200000010,410200000015,750.00,ira15@okaxis,UPI,SUCCESS,RRN800000000099,BANKING_APP
TXN000100,2026-09-11T12:23:00+05:30,410200000013,410200000022,12500.00,pooja22@okaxis,NEFT,SUCCESS,RRN800000000100,WEB
TXN000101,2026-09-11T12:42:00+05:30,410200000016,410200000029,250.00,varun29@okaxis,UPI,SUCCESS,RRN800000000101,BANKING_APP
TXN000102,2026-09-11T12:58:00+05:30,410200000019,410200000036,250.00,reyansh36@okaxis,NEFT,SUCCESS,RRN800000000102,WEB
TXN000103,2026-09-11T13:16:00+05:30,410200000022,410200000007,9900.00,yash7@okaxis,NEFT,SUCCESS,RRN800000000103,BANKING_APP
TXN000104,2026-09-11T13:35:00+05:30,410200000025,410200000014,9900.00,diya14@okaxis,UPI,SUCCESS,RRN800000000104,WEB
TXN000105,2026-09-11T13:57:00+05:30,410200000028,410200000021,3500.00,neha21@okaxis,NEFT,SUCCESS,RRN800000000105,WEB
TXN000106,2026-09-11T14:14:00+05:30,410200000031,410200000028,3500.00,siddharth28@okaxis,IMPS,REVERSED,RRN800000000106,APP
TXN000107,2026-09-11T14:23:00+05:30,410200000034,410200000035,7500.00,naman35@okaxis,NEFT,SUCCESS,RRN800000000107,BANKING_APP
TXN000108,2026-09-11T14:36:00+05:30,410200000001,410200000006,480.00,rohan6@okaxis,NEFT,REVERSED,RRN800000000108,WEB
TXN000109,2026-09-11T14:56:00+05:30,410200000004,410200000013,5000.00,ananya13@okaxis,NEFT,REVERSED,RRN800000000109,APP
TXN000110,2026-09-11T15:13:00+05:30,410200000007,410200000020,3500.00,riya20@okaxis,IMPS,SUCCESS,RRN800000000110,APP
TXN000111,2026-09-11T15:29:00+05:30,410200000010,410200000027,9900.00,rahul27@okaxis,UPI,SUCCESS,RRN800000000111,APP
TXN000112,2026-09-11T15:47:00+05:30,410200000013,410200000034,750.00,mihir34@okaxis,IMPS,SUCCESS,RRN800000000112,WEB
TXN000113,2026-09-11T16:06:00+05:30,410200000016,410200000005,1200.00,kabir5@okaxis,NEFT,SUCCESS,RRN800000000113,BANKING_APP
TXN000114,2026-09-11T16:24:00+05:30,410200000019,410200000012,750.00,dhruv12@okaxis,IMPS,SUCCESS,RRN800000000114,BANKING_APP
TXN000115,2026-09-11T16:41:00+05:30,410200000022,410200000019,1200.00,sana19@okaxis,IMPS,FAILED,RRN800000000115,BANKING_APP
TXN000116,2026-09-11T17:01:00+05:30,410200000025,410200000026,1200.00,tara26@okaxis,NEFT,SUCCESS,RRN800000000116,BANKING_APP
TXN000117,2026-09-11T17:15:00+05:30,410200000028,410200000033,1800.00,harsh33@okaxis,IMPS,REVERSED,RRN800000000117,WEB
TXN000118,2026-09-11T17:35:00+05:30,410200000031,410200000004,7500.00,arjun4@okaxis,UPI,SUCCESS,RRN800000000118,BANKING_APP
TXN000119,2026-09-11T17:50:00+05:30,410200000034,410200000011,750.00,ishaan11@okaxis,UPI,SUCCESS,RRN800000000119,BANKING_APP
TXN000120,2026-09-11T18:00:00+05:30,410200000001,410200000018,5000.00,kiara18@okaxis,NEFT,SUCCESS,RRN800000000120,APP
TXN000121,2026-09-11T18:22:00+05:30,410200000004,410200000025,1800.00,maya25@okaxis,UPI,SUCCESS,RRN800000000121,WEB
TXN000122,2026-09-11T18:38:00+05:30,410200000007,410200000032,1800.00,aniket32@okaxis,IMPS,SUCCESS,RRN800000000122,BANKING_APP
TXN000123,2026-09-11T19:03:00+05:30,410200000010,410200000003,1200.00,aditya3@okaxis,UPI,SUCCESS,RRN800000000123,WEB
TXN000124,2026-09-11T19:16:00+05:30,410200000013,410200000010,1800.00,manav10@okaxis,NEFT,SUCCESS,RRN800000000124,BANKING_APP
TXN000125,2026-09-11T19:27:00+05:30,410200000016,410200000017,5000.00,aisha17@okaxis,IMPS,REVERSED,RRN800000000125,WEB
TXN000126,2026-09-11T19:47:00+05:30,410200000019,410200000024,480.00,kavya24@okaxis,UPI,SUCCESS,RRN800000000126,APP
TXN000127,2026-09-11T20:03:00+05:30,410200000022,410200000031,5000.00,dev31@okaxis,NEFT,SUCCESS,RRN800000000127,WEB
TXN000128,2026-09-11T20:19:00+05:30,410200000025,410200000002,3500.00,vivaan2@okaxis,UPI,SUCCESS,RRN800000000128,APP
TXN000129,2026-09-11T20:40:00+05:30,410200000028,410200000009,12500.00,nikhil9@okaxis,IMPS,SUCCESS,RRN800000000129,BANKING_APP
TXN000130,2026-09-11T20:51:00+05:30,410200000031,410200000016,3500.00,meera16@okaxis,IMPS,SUCCESS,RRN800000000130,WEB
TXN000131,2026-09-11T21:09:00+05:30,410200000034,410200000023,2400.00,simran23@okaxis,UPI,FAILED,RRN800000000131,BANKING_APP
TXN000132,2026-09-11T21:35:00+05:30,410200000001,410200000030,3500.00,pranav30@okaxis,IMPS,SUCCESS,RRN800000000132,BANKING_APP
TXN000133,2026-09-11T21:48:00+05:30,410200000004,410200000001,9900.00,aarav1@okaxis,IMPS,REVERSED,RRN800000000133,APP
TXN000134,2026-09-11T22:10:00+05:30,410200000007,410200000008,1800.00,kunal8@okaxis,IMPS,FAILED,RRN800000000134,BANKING_APP
TXN000135,2026-09-11T22:26:00+05:30,410200000010,410200000015,250.00,ira15@okaxis,IMPS,SUCCESS,RRN800000000135,WEB
TXN000136,2026-09-11T22:44:00+05:30,410200000013,410200000022,250.00,pooja22@okaxis,UPI,SUCCESS,RRN800000000136,WEB
TXN000137,2026-09-11T22:50:00+05:30,410200000016,410200000029,3500.00,varun29@okaxis,IMPS,SUCCESS,RRN800000000137,WEB
TXN000138,2026-09-11T23:08:00+05:30,410200000019,410200000036,250.00,reyansh36@okaxis,UPI,REVERSED,RRN800000000138,BANKING_APP
TXN000139,2026-09-11T23:26:00+05:30,410200000022,410200000007,480.00,yash7@okaxis,IMPS,SUCCESS,RRN800000000139,WEB
TXN000140,2026-09-11T23:50:00+05:30,410200000025,410200000014,1200.00,diya14@okaxis,IMPS,REVERSED,RRN800000000140,BANKING_APP
TXN000141,2026-09-11T23:57:00+05:30,410200000028,410200000021,250.00,neha21@okaxis,NEFT,REVERSED,RRN800000000141,WEB
TXN000142,2026-09-12T00:15:00+05:30,410200000031,410200000028,250.00,siddharth28@okaxis,UPI,SUCCESS,RRN800000000142,BANKING_APP
TXN000143,2026-09-12T00:40:00+05:30,410200000034,410200000035,7500.00,naman35@okaxis,UPI,SUCCESS,RRN800000000143,WEB
TXN000144,2026-09-12T00:55:00+05:30,410200000001,410200000006,750.00,rohan6@okaxis,IMPS,SUCCESS,RRN800000000144,BANKING_APP
TXN000145,2026-09-12T01:08:00+05:30,410200000004,410200000013,1800.00,ananya13@okaxis,UPI,SUCCESS,RRN800000000145,BANKING_APP
TXN000146,2026-09-12T01:33:00+05:30,410200000007,410200000020,1200.00,riya20@okaxis,IMPS,FAILED,RRN800000000146,BANKING_APP
TXN000147,2026-09-12T01:48:00+05:30,410200000010,410200000027,250.00,rahul27@okaxis,IMPS,SUCCESS,RRN800000000147,BANKING_APP
TXN000148,2026-09-12T01:58:00+05:30,410200000013,410200000034,9900.00,mihir34@okaxis,NEFT,SUCCESS,RRN800000000148,APP
TXN000149,2026-09-12T02:14:00+05:30,410200000016,410200000005,12500.00,kabir5@okaxis,IMPS,SUCCESS,RRN800000000149,WEB
TXN000150,2026-09-12T02:31:00+05:30,410200000019,410200000012,1200.00,dhruv12@okaxis,NEFT,SUCCESS,RRN800000000150,WEB
TXN000151,2026-09-12T02:58:00+05:30,410200000022,410200000019,7500.00,sana19@okaxis,UPI,SUCCESS,RRN800000000151,BANKING_APP
TXN000152,2026-09-12T03:07:00+05:30,410200000025,410200000026,1200.00,tara26@okaxis,IMPS,SUCCESS,RRN800000000152,WEB
TXN000153,2026-09-12T03:29:00+05:30,410200000028,410200000033,750.00,harsh33@okaxis,NEFT,SUCCESS,RRN800000000153,WEB
TXN000154,2026-09-12T03:45:00+05:30,410200000031,410200000004,750.00,arjun4@okaxis,IMPS,SUCCESS,RRN800000000154,WEB
TXN000155,2026-09-12T04:05:00+05:30,410200000034,410200000011,12500.00,ishaan11@okaxis,UPI,SUCCESS,RRN800000000155,WEB
TXN000156,2026-09-12T04:22:00+05:30,410200000001,410200000018,9900.00,kiara18@okaxis,UPI,SUCCESS,RRN800000000156,APP
TXN000157,2026-09-12T04:40:00+05:30,410200000004,410200000025,250.00,maya25@okaxis,IMPS,SUCCESS,RRN800000000157,APP
TXN000158,2026-09-12T04:57:00+05:30,410200000007,410200000032,480.00,aniket32@okaxis,IMPS,SUCCESS,RRN800000000158,WEB
TXN000159,2026-09-12T05:03:00+05:30,410200000010,410200000003,12500.00,aditya3@okaxis,UPI,SUCCESS,RRN800000000159,BANKING_APP
TXN000160,2026-09-12T05:22:00+05:30,410200000013,410200000010,5000.00,manav10@okaxis,UPI,SUCCESS,RRN800000000160,WEB
TXN000161,2026-09-12T05:44:00+05:30,410200000016,410200000017,9900.00,aisha17@okaxis,IMPS,SUCCESS,RRN800000000161,APP
TXN000162,2026-09-12T06:00:00+05:30,410200000019,410200000024,7500.00,kavya24@okaxis,IMPS,SUCCESS,RRN800000000162,APP
TXN000163,2026-09-12T06:21:00+05:30,410200000022,410200000031,7500.00,dev31@okaxis,NEFT,FAILED,RRN800000000163,APP
TXN000164,2026-09-12T06:37:00+05:30,410200000025,410200000002,2400.00,vivaan2@okaxis,NEFT,REVERSED,RRN800000000164,BANKING_APP
TXN000165,2026-09-12T06:50:00+05:30,410200000028,410200000009,1200.00,nikhil9@okaxis,IMPS,SUCCESS,RRN800000000165,BANKING_APP
TXN000166,2026-09-12T07:05:00+05:30,410200000031,410200000016,1200.00,meera16@okaxis,NEFT,FAILED,RRN800000000166,APP
TXN000167,2026-09-12T07:28:00+05:30,410200000034,410200000023,250.00,simran23@okaxis,IMPS,REVERSED,RRN800000000167,APP
TXN000168,2026-09-12T07:42:00+05:30,410200000001,410200000030,3500.00,pranav30@okaxis,IMPS,SUCCESS,RRN800000000168,APP
TXN000169,2026-09-12T08:03:00+05:30,410200000004,410200000001,3500.00,aarav1@okaxis,UPI,FAILED,RRN800000000169,APP
TXN000170,2026-09-12T08:15:00+05:30,410200000007,410200000008,250.00,kunal8@okaxis,IMPS,FAILED,RRN800000000170,APP
TXN000171,2026-09-12T08:31:00+05:30,410200000010,410200000015,750.00,ira15@okaxis,IMPS,SUCCESS,RRN800000000171,BANKING_APP
TXN000172,2026-09-12T08:54:00+05:30,410200000013,410200000022,1200.00,pooja22@okaxis,NEFT,SUCCESS,RRN800000000172,BANKING_APP
TXN000173,2026-09-12T09:08:00+05:30,410200000016,410200000029,1800.00,varun29@okaxis,NEFT,SUCCESS,RRN800000000173,APP
TXN000174,2026-09-12T09:22:00+05:30,410200000019,410200000036,750.00,reyansh36@okaxis,NEFT,SUCCESS,RRN800000000174,WEB
TXN000175,2026-09-12T09:41:00+05:30,410200000022,410200000007,3500.00,yash7@okaxis,IMPS,SUCCESS,RRN800000000175,APP
TXN000176,2026-09-12T09:52:00+05:30,410200000025,410200000014,12500.00,diya14@okaxis,IMPS,SUCCESS,RRN800000000176,BANKING_APP
TXN000177,2026-09-12T10:12:00+05:30,410200000028,410200000021,3500.00,neha21@okaxis,IMPS,SUCCESS,RRN800000000177,BANKING_APP
TXN000178,2026-09-12T10:28:00+05:30,410200000031,410200000028,3500.00,siddharth28@okaxis,UPI,SUCCESS,RRN800000000178,BANKING_APP
TXN000179,2026-09-12T10:53:00+05:30,410200000034,410200000035,1800.00,naman35@okaxis,UPI,SUCCESS,RRN800000000179,APP
TXN000180,2026-09-12T11:08:00+05:30,410200000001,410200000006,7500.00,rohan6@okaxis,UPI,SUCCESS,RRN800000000180,APP
TXN000181,2026-09-12T11:19:00+05:30,410200000004,410200000013,480.00,ananya13@okaxis,UPI,SUCCESS,RRN800000000181,WEB
TXN000182,2026-09-12T11:42:00+05:30,410200000007,410200000020,1200.00,riya20@okaxis,IMPS,SUCCESS,RRN800000000182,WEB
TXN000183,2026-09-12T11:51:00+05:30,410200000010,410200000027,750.00,rahul27@okaxis,NEFT,SUCCESS,RRN800000000183,BANKING_APP
TXN000184,2026-09-12T12:10:00+05:30,410200000013,410200000034,3500.00,mihir34@okaxis,UPI,SUCCESS,RRN800000000184,WEB
TXN000185,2026-09-12T12:26:00+05:30,410200000016,410200000005,1800.00,kabir5@okaxis,UPI,SUCCESS,RRN800000000185,APP
TXN000186,2026-09-12T12:54:00+05:30,410200000019,410200000012,9900.00,dhruv12@okaxis,IMPS,FAILED,RRN800000000186,BANKING_APP
TXN000187,2026-09-12T13:11:00+05:30,410200000022,410200000019,250.00,sana19@okaxis,IMPS,SUCCESS,RRN800000000187,BANKING_APP
TXN000188,2026-09-12T13:20:00+05:30,410200000025,410200000026,9900.00,tara26@okaxis,IMPS,SUCCESS,RRN800000000188,BANKING_APP
TXN000189,2026-09-12T13:41:00+05:30,410200000028,410200000033,7500.00,harsh33@okaxis,UPI,SUCCESS,RRN800000000189,WEB
TXN000190,2026-09-12T13:52:00+05:30,410200000031,410200000004,1200.00,arjun4@okaxis,UPI,SUCCESS,RRN800000000190,WEB
TXN000191,2026-09-12T14:19:00+05:30,410200000034,410200000011,250.00,ishaan11@okaxis,IMPS,SUCCESS,RRN800000000191,BANKING_APP
TXN000192,2026-09-12T14:30:00+05:30,410200000001,410200000018,480.00,kiara18@okaxis,UPI,SUCCESS,RRN800000000192,BANKING_APP
TXN000193,2026-09-12T14:52:00+05:30,410200000004,410200000025,7500.00,maya25@okaxis,NEFT,SUCCESS,RRN800000000193,BANKING_APP
TXN000194,2026-09-12T15:03:00+05:30,410200000007,410200000032,1800.00,aniket32@okaxis,NEFT,SUCCESS,RRN800000000194,APP
TXN000195,2026-09-12T15:18:00+05:30,410200000010,410200000003,250.00,aditya3@okaxis,UPI,SUCCESS,RRN800000000195,WEB
TXN000196,2026-09-12T15:34:00+05:30,410200000013,410200000010,250.00,manav10@okaxis,IMPS,SUCCESS,RRN800000000196,APP
TXN000197,2026-09-12T16:01:00+05:30,410200000016,410200000017,7500.00,aisha17@okaxis,UPI,SUCCESS,RRN800000000197,WEB
TXN000198,2026-09-12T16:10:00+05:30,410200000019,410200000024,9900.00,kavya24@okaxis,NEFT,SUCCESS,RRN800000000198,BANKING_APP
TXN000199,2026-09-12T16:34:00+05:30,410200000022,410200000031,2400.00,dev31@okaxis,UPI,FAILED,RRN800000000199,BANKING_APP
TXN000200,2026-09-12T16:42:00+05:30,410200000025,410200000002,7500.00,vivaan2@okaxis,IMPS,SUCCESS,RRN800000000200,WEB
TXN000201,2026-09-12T17:09:00+05:30,410200000028,410200000009,1200.00,nikhil9@okaxis,IMPS,SUCCESS,RRN800000000201,BANKING_APP
TXN000202,2026-09-12T17:20:00+05:30,410200000031,410200000016,1200.00,meera16@okaxis,UPI,SUCCESS,RRN800000000202,BANKING_APP
TXN000203,2026-09-12T17:34:00+05:30,410200000034,410200000023,1200.00,simran23@okaxis,UPI,SUCCESS,RRN800000000203,BANKING_APP
TXN000204,2026-09-12T17:59:00+05:30,410200000001,410200000030,5000.00,pranav30@okaxis,UPI,SUCCESS,RRN800000000204,BANKING_APP
TXN000205,2026-09-12T18:07:00+05:30,410200000004,410200000001,1800.00,aarav1@okaxis,NEFT,SUCCESS,RRN800000000205,APP
TXN000206,2026-09-12T18:26:00+05:30,410200000007,410200000008,1200.00,kunal8@okaxis,IMPS,REVERSED,RRN800000000206,APP
TXN000207,2026-09-12T18:51:00+05:30,410200000010,410200000015,750.00,ira15@okaxis,NEFT,SUCCESS,RRN800000000207,APP
TXN000208,2026-09-12T18:57:00+05:30,410200000013,410200000022,1200.00,pooja22@okaxis,UPI,REVERSED,RRN800000000208,APP
TXN000209,2026-09-12T19:15:00+05:30,410200000016,410200000029,480.00,varun29@okaxis,IMPS,SUCCESS,RRN800000000209,BANKING_APP
TXN000210,2026-09-12T19:34:00+05:30,410200000019,410200000036,2400.00,reyansh36@okaxis,NEFT,FAILED,RRN800000000210,WEB
TXN000211,2026-09-12T19:48:00+05:30,410200000022,410200000007,3500.00,yash7@okaxis,NEFT,SUCCESS,RRN800000000211,WEB
TXN000212,2026-09-12T20:05:00+05:30,410200000025,410200000014,7500.00,diya14@okaxis,UPI,SUCCESS,RRN800000000212,APP
TXN000213,2026-09-12T20:25:00+05:30,410200000028,410200000021,1800.00,neha21@okaxis,NEFT,SUCCESS,RRN800000000213,WEB
TXN000214,2026-09-12T20:46:00+05:30,410200000031,410200000028,12500.00,siddharth28@okaxis,UPI,SUCCESS,RRN800000000214,BANKING_APP
TXN000215,2026-09-12T20:58:00+05:30,410200000034,410200000035,1800.00,naman35@okaxis,UPI,SUCCESS,RRN800000000215,WEB
TXN000216,2026-09-12T21:18:00+05:30,410200000001,410200000006,7500.00,rohan6@okaxis,UPI,SUCCESS,RRN800000000216,BANKING_APP
TXN000217,2026-09-12T21:30:00+05:30,410200000004,410200000013,480.00,ananya13@okaxis,IMPS,SUCCESS,RRN800000000217,WEB
TXN000218,2026-09-12T21:49:00+05:30,410200000007,410200000020,480.00,riya20@okaxis,NEFT,SUCCESS,RRN800000000218,WEB
TXN000219,2026-09-12T22:07:00+05:30,410200000010,410200000027,2400.00,rahul27@okaxis,IMPS,REVERSED,RRN800000000219,APP
TXN000220,2026-09-12T22:24:00+05:30,410200000013,410200000034,250.00,mihir34@okaxis,UPI,SUCCESS,RRN800000000220,APP
TXN000221,2026-09-12T22:42:00+05:30,410200000016,410200000005,12500.00,kabir5@okaxis,UPI,FAILED,RRN800000000221,APP
TXN000222,2026-09-12T22:54:00+05:30,410200000019,410200000012,12500.00,dhruv12@okaxis,IMPS,SUCCESS,RRN800000000222,BANKING_APP
TXN000223,2026-09-12T23:11:00+05:30,410200000022,410200000019,12500.00,sana19@okaxis,NEFT,SUCCESS,RRN800000000223,WEB
TXN000224,2026-09-12T23:29:00+05:30,410200000025,410200000026,3500.00,tara26@okaxis,UPI,SUCCESS,RRN800000000224,APP
TXN000225,2026-09-12T23:51:00+05:30,410200000028,410200000033,7500.00,harsh33@okaxis,IMPS,SUCCESS,RRN800000000225,WEB
TXN000226,2026-09-13T00:04:00+05:30,410200000031,410200000004,2400.00,arjun4@okaxis,UPI,SUCCESS,RRN800000000226,BANKING_APP
TXN000227,2026-09-13T00:20:00+05:30,410200000034,410200000011,1800.00,ishaan11@okaxis,UPI,SUCCESS,RRN800000000227,APP
TXN000228,2026-09-13T00:41:00+05:30,410200000001,410200000018,750.00,kiara18@okaxis,UPI,REVERSED,RRN800000000228,APP
TXN000229,2026-09-13T01:05:00+05:30,410200000004,410200000025,250.00,maya25@okaxis,NEFT,SUCCESS,RRN800000000229,WEB
TXN000230,2026-09-13T01:10:00+05:30,410200000007,410200000032,250.00,aniket32@okaxis,IMPS,SUCCESS,RRN800000000230,WEB
TXN000231,2026-09-13T01:35:00+05:30,410200000010,410200000003,1800.00,aditya3@okaxis,NEFT,SUCCESS,RRN800000000231,APP
TXN000232,2026-09-13T01:48:00+05:30,410200000013,410200000010,7500.00,manav10@okaxis,UPI,REVERSED,RRN800000000232,APP
TXN000233,2026-09-13T02:11:00+05:30,410200000016,410200000017,750.00,aisha17@okaxis,IMPS,SUCCESS,RRN800000000233,BANKING_APP
TXN000234,2026-09-13T02:23:00+05:30,410200000019,410200000024,2400.00,kavya24@okaxis,NEFT,FAILED,RRN800000000234,WEB
TXN000235,2026-09-13T02:43:00+05:30,410200000022,410200000031,250.00,dev31@okaxis,NEFT,SUCCESS,RRN800000000235,APP
TXN000236,2026-09-13T02:57:00+05:30,410200000025,410200000002,750.00,vivaan2@okaxis,NEFT,FAILED,RRN800000000236,BANKING_APP
TXN000237,2026-09-13T03:18:00+05:30,410200000028,410200000009,480.00,nikhil9@okaxis,NEFT,SUCCESS,RRN800000000237,APP
TXN000238,2026-09-13T03:33:00+05:30,410200000031,410200000016,1800.00,meera16@okaxis,NEFT,SUCCESS,RRN800000000238,BANKING_APP
TXN000239,2026-09-13T03:52:00+05:30,410200000034,410200000023,3500.00,simran23@okaxis,UPI,SUCCESS,RRN800000000239,BANKING_APP
TXN000240,2026-09-13T04:00:00+05:30,410200000001,410200000030,5000.00,pranav30@okaxis,IMPS,SUCCESS,RRN800000000240,WEB
TXN000241,2026-09-13T04:28:00+05:30,410200000004,410200000001,750.00,aarav1@okaxis,NEFT,SUCCESS,RRN800000000241,BANKING_APP
TXN000242,2026-09-13T04:42:00+05:30,410200000007,410200000008,2400.00,kunal8@okaxis,NEFT,SUCCESS,RRN800000000242,BANKING_APP
TXN000243,2026-09-13T04:53:00+05:30,410200000010,410200000015,480.00,ira15@okaxis,NEFT,REVERSED,RRN800000000243,BANKING_APP
TXN000244,2026-09-13T05:10:00+05:30,410200000013,410200000022,5000.00,pooja22@okaxis,NEFT,SUCCESS,RRN800000000244,BANKING_APP
TXN000245,2026-09-13T05:27:00+05:30,410200000016,410200000029,2400.00,varun29@okaxis,IMPS,REVERSED,RRN800000000245,WEB
TXN000246,2026-09-13T05:51:00+05:30,410200000019,410200000036,7500.00,reyansh36@okaxis,NEFT,SUCCESS,RRN800000000246,APP
TXN000247,2026-09-13T06:00:00+05:30,410200000022,410200000007,3500.00,yash7@okaxis,IMPS,REVERSED,RRN800000000247,BANKING_APP
TXN000248,2026-09-13T06:21:00+05:30,410200000025,410200000014,5000.00,diya14@okaxis,IMPS,SUCCESS,RRN800000000248,BANKING_APP
TXN000249,2026-09-13T06:41:00+05:30,410200000028,410200000021,3500.00,neha21@okaxis,UPI,SUCCESS,RRN800000000249,APP
TXN000250,2026-09-13T06:51:00+05:30,410200000031,410200000028,1200.00,siddharth28@okaxis,NEFT,FAILED,RRN800000000250,WEB
TXN000251,2026-09-13T07:09:00+05:30,410200000034,410200000035,250.00,naman35@okaxis,IMPS,FAILED,RRN800000000251,BANKING_APP
TXN000252,2026-09-13T07:34:00+05:30,410200000001,410200000006,750.00,rohan6@okaxis,IMPS,SUCCESS,RRN800000000252,WEB
TXN000253,2026-09-13T07:49:00+05:30,410200000004,410200000013,250.00,ananya13@okaxis,NEFT,SUCCESS,RRN800000000253,BANKING_APP
TXN000254,2026-09-13T08:07:00+05:30,410200000007,410200000020,12500.00,riya20@okaxis,UPI,SUCCESS,RRN800000000254,BANKING_APP
TXN000255,2026-09-13T08:19:00+05:30,410200000010,410200000027,2400.00,rahul27@okaxis,NEFT,SUCCESS,RRN800000000255,BANKING_APP
TXN000256,2026-09-13T08:34:00+05:30,410200000013,410200000034,7500.00,mihir34@okaxis,NEFT,REVERSED,RRN800000000256,APP
TXN000257,2026-09-13T08:49:00+05:30,410200000016,410200000005,5000.00,kabir5@okaxis,UPI,SUCCESS,RRN800000000257,BANKING_APP
TXN000258,2026-09-13T09:15:00+05:30,410200000019,410200000012,12500.00,dhruv12@okaxis,IMPS,SUCCESS,RRN800000000258,WEB
TXN000259,2026-09-13T09:24:00+05:30,410200000022,410200000019,3500.00,sana19@okaxis,NEFT,SUCCESS,RRN800000000259,BANKING_APP
TXN000260,2026-09-13T09:50:00+05:30,410200000025,410200000026,2400.00,tara26@okaxis,IMPS,REVERSED,RRN800000000260,BANKING_APP
TXN000261,2026-09-13T10:07:00+05:30,410200000028,410200000033,12500.00,harsh33@okaxis,UPI,SUCCESS,RRN800000000261,APP
TXN000262,2026-09-13T10:17:00+05:30,410200000031,410200000004,2400.00,arjun4@okaxis,NEFT,SUCCESS,RRN800000000262,WEB
TXN000263,2026-09-13T10:41:00+05:30,410200000034,410200000011,12500.00,ishaan11@okaxis,UPI,SUCCESS,RRN800000000263,BANKING_APP
TXN000264,2026-09-13T10:49:00+05:30,410200000001,410200000018,1800.00,kiara18@okaxis,UPI,SUCCESS,RRN800000000264,APP
TXN000265,2026-09-13T11:15:00+05:30,410200000004,410200000025,750.00,maya25@okaxis,UPI,SUCCESS,RRN800000000265,WEB
TXN000266,2026-09-13T11:28:00+05:30,410200000007,410200000032,7500.00,aniket32@okaxis,IMPS,SUCCESS,RRN800000000266,WEB
TXN000267,2026-09-13T11:47:00+05:30,410200000010,410200000003,1800.00,aditya3@okaxis,NEFT,SUCCESS,RRN800000000267,WEB
TXN000268,2026-09-13T12:04:00+05:30,410200000013,410200000010,5000.00,manav10@okaxis,NEFT,SUCCESS,RRN800000000268,BANKING_APP
TXN000269,2026-09-13T12:24:00+05:30,410200000016,410200000017,250.00,aisha17@okaxis,UPI,SUCCESS,RRN800000000269,BANKING_APP
TXN000270,2026-09-13T12:31:00+05:30,410200000019,410200000024,5000.00,kavya24@okaxis,UPI,SUCCESS,RRN800000000270,WEB
TXN000271,2026-09-13T12:55:00+05:30,410200000022,410200000031,1200.00,dev31@okaxis,IMPS,SUCCESS,RRN800000000271,APP
TXN000272,2026-09-13T13:10:00+05:30,410200000025,410200000002,12500.00,vivaan2@okaxis,NEFT,SUCCESS,RRN800000000272,APP
TXN000273,2026-09-13T13:22:00+05:30,410200000028,410200000009,5000.00,nikhil9@okaxis,NEFT,FAILED,RRN800000000273,BANKING_APP
TXN000274,2026-09-13T13:48:00+05:30,410200000031,410200000016,2400.00,meera16@okaxis,NEFT,SUCCESS,RRN800000000274,BANKING_APP
TXN000275,2026-09-13T13:55:00+05:30,410200000034,410200000023,750.00,simran23@okaxis,NEFT,SUCCESS,RRN800000000275,WEB
TXN000276,2026-09-13T14:14:00+05:30,410200000001,410200000030,1800.00,pranav30@okaxis,IMPS,REVERSED,RRN800000000276,BANKING_APP
TXN000277,2026-09-13T14:38:00+05:30,410200000004,410200000001,3500.00,aarav1@okaxis,NEFT,SUCCESS,RRN800000000277,BANKING_APP
TXN000278,2026-09-13T14:54:00+05:30,410200000007,410200000008,1800.00,kunal8@okaxis,IMPS,FAILED,RRN800000000278,APP
TXN000279,2026-09-13T15:11:00+05:30,410200000010,410200000015,1200.00,ira15@okaxis,IMPS,REVERSED,RRN800000000279,BANKING_APP
TXN000280,2026-09-13T15:24:00+05:30,410200000013,410200000022,750.00,pooja22@okaxis,NEFT,SUCCESS,RRN800000000280,WEB
TXN000281,2026-09-10T23:02:00+05:30,410200000001,410200000009,85000.00,,UPI,SUCCESS,FRAUD00281,APP
TXN000282,2026-09-10T23:13:00+05:30,410200000002,410200000009,62000.00,,UPI,SUCCESS,FRAUD00282,APP
TXN000283,2026-09-10T23:24:00+05:30,410200000003,410200000009,97000.00,,UPI,SUCCESS,FRAUD00283,APP
TXN000284,2026-09-10T23:35:00+05:30,410200000004,410200000009,54000.00,,UPI,SUCCESS,FRAUD00284,APP
TXN000285,2026-09-11T00:00:00+05:30,410200000009,410200000010,30000.00,manav10@okaxis,UPI,SUCCESS,FANOUT00285,APP
TXN000286,2026-09-11T00:05:00+05:30,410200000009,410200000011,25000.00,ishaan11@okaxis,UPI,SUCCESS,FANOUT00286,APP
TXN000287,2026-09-11T00:10:00+05:30,410200000009,410200000012,22000.00,dhruv12@okaxis,UPI,SUCCESS,FANOUT00287,APP
TXN000288,2026-09-11T00:15:00+05:30,410200000009,410200000013,18000.00,ananya13@okaxis,UPI,SUCCESS,FANOUT00288,APP
TXN000289,2026-09-11T00:20:00+05:30,410200000009,410200000014,15000.00,diya14@okaxis,UPI,SUCCESS,FANOUT00289,APP
TXN000290,2026-09-11T00:25:00+05:30,410200000009,410200000015,12000.00,ira15@okaxis,UPI,SUCCESS,FANOUT00290,APP
TXN000291,2026-09-11T00:30:00+05:30,410200000009,410200000016,10000.00,meera16@okaxis,UPI,SUCCESS,FANOUT00291,APP
TXN000292,2026-09-11T02:02:00+05:30,410200000017,410200000009,7000.00,nikhil9@okaxis,UPI,SUCCESS,FANIN00292,WEB
TXN000293,2026-09-11T02:06:00+05:30,410200000018,410200000009,9000.00,manav10@okaxis,UPI,SUCCESS,FANIN00293,WEB
TXN000294,2026-09-11T02:10:00+05:30,410200000019,410200000009,11000.00,ishaan11@okaxis,UPI,SUCCESS,FANIN00294,WEB
TXN000295,2026-09-11T02:14:00+05:30,410200000020,410200000009,13000.00,dhruv12@okaxis,UPI,SUCCESS,FANIN00295,WEB
TXN000296,2026-09-11T02:18:00+05:30,410200000021,410200000009,8000.00,ananya13@okaxis,UPI,SUCCESS,FANIN00296,WEB
TXN000297,2026-09-11T23:02:00+05:30,410200000010,410200000011,16000.00,,IMPS,SUCCESS,CIRCLE00297,APP
TXN000298,2026-09-11T23:09:00+05:30,410200000011,410200000012,14000.00,,IMPS,SUCCESS,CIRCLE00298,APP
TXN000299,2026-09-11T23:16:00+05:30,410200000012,410200000010,12000.00,,IMPS,SUCCESS,CIRCLE00299,APP
TXN000300,2026-09-12T01:02:00+05:30,410200000010,511000000001,9000.00,service1.north@oksbi,UPI,SUCCESS,SHELL00300,APP
TXN000301,2026-09-12T01:08:00+05:30,410200000010,511000000002,10500.00,service2.north@oksbi,UPI,SUCCESS,SHELL00301,APP
TXN000302,2026-09-12T01:14:00+05:30,410200000010,511000000003,12000.00,service3.north@oksbi,UPI,SUCCESS,SHELL00302,APP
TXN000303,2026-09-12T01:20:00+05:30,410200000010,511000000004,13500.00,service4.north@oksbi,UPI,SUCCESS,SHELL00303,APP
TXN000304,2026-09-12T01:26:00+05:30,410200000010,511000000005,15000.00,service5.north@oksbi,UPI,SUCCESS,SHELL00304,APP
TXN000305,2026-09-12T23:02:00+05:30,410200000009,410200000022,25000.00,,UPI,REVERSED,REV00305,APP
TXN000306,2026-09-13T00:02:00+05:30,410200000010,410200000022,30000.00,,UPI,FAILED,REV00306,APP
TXN000307,2026-09-13T01:02:00+05:30,410200000011,410200000022,35000.00,,UPI,REVERSED,REV00307,APP
TXN000308,2026-09-13T02:02:00+05:30,410200000012,410200000022,40000.00,,UPI,FAILED,REV00308,APP
