upi_id,vpa,linked_account_id,bank_name,person_id,status,first_seen,last_seen
U001,aarav1@okaxis,A001,ICICI Bank,P001,ACTIVE,2026-07-12T08:00:00+05:30,2026-09-19T08:00:00+05:30
U002,vivaan2@okaxis,A002,Axis Bank,P002,ACTIVE,2026-07-12T08:00:00+05:30,2026-09-19T08:00:00+05:30
U003,aditya3@okaxis,A003,State Bank of India,P003,ACTIVE,2026-07-12T08:00:00+05:30,2026-09-19T08:00:00+05:30
U004,arjun4@okaxis,A004,HDFC Bank,P004,ACTIVE,2026-07-12T08:00:00+05:30,2026-09-19T08:00:00+05:30
U005,kabir5@okaxis,A005,ICICI Bank,P005,ACTIVE,2026-07-12T08:00:00+05:30,2026-09-19T08:00:00+05:30
U006,rohan6@okaxis,A006,Axis Bank,P006,ACTIVE,2026-07-12T08:00:00+05:30,2026-09-19T08:00:00+05:30
U007,yash7@okaxis,A007,State Bank of India,P007,ACTIVE,2026-07-12T08:00:00+05:30,2026-09-19T08:00:00+05:30
U008,kunal8@okaxis,A008,HDFC Bank,P008,ACTIVE,2026-07-12T08:00:00+05:30,2026-09-19T08:00:00+05:30
U009,nikhil9@okaxis,A009,ICICI Bank,P009,ACTIVE,2026-07-12T08:00:00+05:30,2026-09-19T08:00:00+05:30
U010,manav10@okaxis,A010,Axis Bank,P010,ACTIVE,2026-07-12T08:00:00+05:30,2026-09-19T08:00:00+05:30
U011,ishaan11@okaxis,A011,State Bank of India,P011,ACTIVE,2026-07-12T08:00:00+05:30,2026-09-19T08:00:00+05:30
U012,dhruv12@okaxis,A012,HDFC Bank,P012,ACTIVE,2026-07-12T08:00:00+05:30,2026-09-19T08:00:00+05:30
U013,ananya13@okaxis,A013,ICICI Bank,P013,ACTIVE,2026-07-12T08:00:00+05:30,2026-09-19T08:00:00+05:30
U014,diya14@okaxis,A014,Axis Bank,P014,ACTIVE,2026-07-12T08:00:00+05:30,2026-09-19T08:00:00+05:30
U015,ira15@okaxis,A015,State Bank of India,P015,ACTIVE,2026-07-12T08:00:00+05:30,2026-09-19T08:00:00+05:30
U016,meera16@okaxis,A016,HDFC Bank,P016,ACTIVE,2026-07-12T08:00:00+05:30,2026-09-19T08:00:00+05:30
U017,aisha17@okaxis,A017,ICICI Bank,P017,ACTIVE,2026-07-12T08:00:00+05:30,2026-09-19T08:00:00+05:30
U018,kiara18@okaxis,A018,Axis Bank,P018,ACTIVE,2026-07-12T08:00:00+05:30,2026-09-19T08:00:00+05:30
U019,sana19@okaxis,A019,State Bank of India,P019,ACTIVE,2026-07-12T08:00:00+05:30,2026-09-19T08:00:00+05:30
U020,riya20@okaxis,A020,HDFC Bank,P020,ACTIVE,2026-07-12T08:00:00+05:30,2026-09-19T08:00:00+05:30
U021,neha21@okaxis,A021,ICICI Bank,P021,ACTIVE,2026-07-12T08:00:00+05:30,2026-09-19T08:00:00+05:30
U022,pooja22@okaxis,A022,Axis Bank,P022,ACTIVE,2026-07-12T08:00:00+05:30,2026-09-19T08:00:00+05:30
U023,simran23@okaxis,A023,State Bank of India,P023,ACTIVE,2026-07-12T08:00:00+05:30,2026-09-19T08:00:00+05:30
U024,kavya24@okaxis,A024,HDFC Bank,P024,ACTIVE,2026-07-12T08:00:00+05:30,2026-09-19T08:00:00+05:30
U025,maya25@okaxis,A025,ICICI Bank,P025,ACTIVE,2026-07-12T08:00:00+05:30,2026-09-19T08:00:00+05:30
U026,tara26@okaxis,A026,Axis Bank,P026,ACTIVE,2026-07-12T08:00:00+05:30,2026-09-19T08:00:00+05:30
U027,rahul27@okaxis,A027,State Bank of India,P027,ACTIVE,2026-07-12T08:00:00+05:30,2026-09-19T08:00:00+05:30
U028,siddharth28@okaxis,A028,HDFC Bank,P028,ACTIVE,2026-07-12T08:00:00+05:30,2026-09-19T08:00:00+05:30
U029,varun29@okaxis,A029,ICICI Bank,P029,ACTIVE,2026-07-12T08:00:00+05:30,2026-09-19T08:00:00+05:30
U030,pranav30@okaxis,A030,Axis Bank,P030,ACTIVE,2026-07-12T08:00:00+05:30,2026-09-19T08:00:00+05:30
U031,dev31@okaxis,A031,State Bank of India,P031,ACTIVE,2026-07-12T08:00:00+05:30,2026-09-19T08:00:00+05:30
U032,aniket32@okaxis,A032,HDFC Bank,P032,ACTIVE,2026-07-12T08:00:00+05:30,2026-09-19T08:00:00+05:30
U033,harsh33@okaxis,A033,ICICI Bank,P033,ACTIVE,2026-07-12T08:00:00+05:30,2026-09-19T08:00:00+05:30
U034,mihir34@okaxis,A034,Axis Bank,P034,ACTIVE,2026-07-12T08:00:00+05:30,2026-09-19T08:00:00+05:30
U035,naman35@okaxis,A035,State Bank of India,P035,ACTIVE,2026-07-12T08:00:00+05:30,2026-09-19T08:00:00+05:30
U036,reyansh36@okaxis,A036,HDFC Bank,P036,ACTIVE,2026-07-12T08:00:00+05:30,2026-09-19T08:00:00+05:30
U101,service1.north@oksbi,A101,ICICI Bank,P021,ACTIVE,2026-07-11T10:00:00+05:30,2026-09-19T23:50:00+05:30
U102,service2.north@oksbi,A102,Axis Bank,P022,ACTIVE,2026-07-11T10:00:00+05:30,2026-09-19T23:50:00+05:30
U103,service3.north@oksbi,A103,State Bank of India,P020,ACTIVE,2026-07-11T10:00:00+05:30,2026-09-19T23:50:00+05:30
U104,service4.north@oksbi,A104,HDFC Bank,P021,ACTIVE,2026-07-11T10:00:00+05:30,2026-09-19T23:50:00+05:30
U105,service5.north@oksbi,A105,ICICI Bank,P022,ACTIVE,2026-07-11T10:00:00+05:30,2026-09-19T23:50:00+05:30
U106,service6.north@oksbi,A106,Axis Bank,P020,ACTIVE,2026-07-11T10:00:00+05:30,2026-09-19T23:50:00+05:30
U107,service7.north@oksbi,A107,State Bank of India,P021,ACTIVE,2026-07-11T10:00:00+05:30,2026-09-19T23:50:00+05:30
U108,service8.north@oksbi,A108,HDFC Bank,P022,ACTIVE,2026-07-11T10:00:00+05:30,2026-09-19T23:50:00+05:30
