person_id,name,role,phone,account_number,ifsc,email,city,account_open_date,case_id
V001,Victim One,VICTIM,+916026855092,403832645883,HDFC0001234,v001@example.test,Ahmedabad,2021-05-10,CASE001
S001,Suspect Alpha,SUSPECT,+916634036506,136171878809,HDFC0001234,s001@example.test,Ahmedabad,2021-05-10,CASE001
M001,Mule 1,MULE,+916602632297,886833016361,HDFC0001234,m001@example.test,Ahmedabad,2021-05-10,CASE001
M002,Mule 2,MULE,+918869119330,108028583755,HDFC0001234,m002@example.test,Ahmedabad,2021-05-10,CASE001
M003,Mule 3,MULE,+918298362082,336890980656,HDFC0001234,m003@example.test,Ahmedabad,2021-05-10,CASE001
M004,Mule 4,MULE,+916385451171,481597082643,HDFC0001234,m004@example.test,Ahmedabad,2021-05-10,CASE001
N001,Citizen 1,UNKNOWN,+916990307112,187525138707,HDFC0001234,n001@example.test,Ahmedabad,2021-05-10,CASE001
N002,Citizen 2,UNKNOWN,+917830075810,517045625552,HDFC0001234,n002@example.test,Ahmedabad,2021-05-10,CASE001
N003,Citizen 3,UNKNOWN,+918224956459,394936156580,HDFC0001234,n003@example.test,Ahmedabad,2021-05-10,CASE001
N004,Citizen 4,UNKNOWN,+917573528321,369419548116,HDFC0001234,n004@example.test,Ahmedabad,2021-05-10,CASE001
N005,Citizen 5,UNKNOWN,+917735098955,953703406284,HDFC0001234,n005@example.test,Ahmedabad,2021-05-10,CASE001
N006,Citizen 6,UNKNOWN,+917980472440,726820024292,HDFC0001234,n006@example.test,Ahmedabad,2021-05-10,CASE001
N007,Citizen 7,UNKNOWN,+919424806516,605272201394,HDFC0001234,n007@example.test,Ahmedabad,2021-05-10,CASE001
N008,Citizen 8,UNKNOWN,+918802099969,570662212985,HDFC0001234,n008@example.test,Ahmedabad,2021-05-10,CASE001
N009,Citizen 9,UNKNOWN,+917547099690,200903882207,HDFC0001234,n009@example.test,Ahmedabad,2021-05-10,CASE001
N010,Citizen 10,UNKNOWN,+919640389325,521179644432,HDFC0001234,n010@example.test,Ahmedabad,2021-05-10,CASE001
N011,Citizen 11,UNKNOWN,+918825276600,476415064723,HDFC0001234,n011@example.test,Ahmedabad,2021-05-10,CASE001
N012,Citizen 12,UNKNOWN,+916775340444,894035742189,HDFC0001234,n012@example.test,Ahmedabad,2021-05-10,CASE001
N013,Citizen 13,UNKNOWN,+918903735581,656795048359,HDFC0001234,n013@example.test,Ahmedabad,2021-05-10,CASE001
N014,Citizen 14,UNKNOWN,+916643111853,638263151675,HDFC0001234,n014@example.test,Ahmedabad,2021-05-10,CASE001
N015,Citizen 15,UNKNOWN,+917942755630,190532572167,HDFC0001234,n015@example.test,Ahmedabad,2021-05-10,CASE001
N016,Citizen 16,UNKNOWN,+919590347116,388472023723,HDFC0001234,n016@example.test,Ahmedabad,2021-05-10,CASE001
N017,Citizen 17,UNKNOWN,+918470406376,670799496139,HDFC0001234,n017@example.test,Ahmedabad,2021-05-10,CASE001
N018,Citizen 18,UNKNOWN,+918022585366,708117155426,HDFC0001234,n018@example.test,Ahmedabad,2021-05-10,CASE001
N019,Citizen 19,UNKNOWN,+916245824373,178728590908,HDFC0001234,n019@example.test,Ahmedabad,2021-05-10,CASE001
N020,Citizen 20,UNKNOWN,+917578998028,895137224815,HDFC0001234,n020@example.test,Ahmedabad,2021-05-10,CASE001
N021,Citizen 21,UNKNOWN,+919204451095,203484341332,HDFC0001234,n021@example.test,Ahmedabad,2021-05-10,CASE001
N022,Citizen 22,UNKNOWN,+919927537643,158965931802,HDFC0001234,n022@example.test,Ahmedabad,2021-05-10,CASE001
N023,Citizen 23,UNKNOWN,+918859629660,219664972382,HDFC0001234,n023@example.test,Ahmedabad,2021-05-10,CASE001
N024,Citizen 24,UNKNOWN,+917452991960,405730753142,HDFC0001234,n024@example.test,Ahmedabad,2021-05-10,CASE001
N025,Citizen 25,UNKNOWN,+916054318806,281403868608,HDFC0001234,n025@example.test,Ahmedabad,2021-05-10,CASE001
