evidence_id,case_id,source_type,source_file,record_id,received_on,sha256
EV00001,CASE001,COMPLAINT,cases.csv,CASE001,2026-09-10T20:30:00+00:00,f0b376860955018fc3a1cf59326edff5ef07c595df3e177e15b38bfde09c1f6f
EV00002,CASE001,BANK,entities.csv,V001,2026-09-10T20:30:00+00:00,441d05deb87dbced813123569731b186e526cbf43b6ac3460c1b9dba830e67ab
EV00003,CASE001,BANK,entities.csv,S001,2026-09-10T20:30:00+00:00,441d05deb87dbced813123569731b186e526cbf43b6ac3460c1b9dba830e67ab
EV00004,CASE001,BANK,entities.csv,M001,2026-09-10T20:30:00+00:00,441d05deb87dbced813123569731b186e526cbf43b6ac3460c1b9dba830e67ab
EV00005,CASE001,BANK,entities.csv,M002,2026-09-10T20:30:00+00:00,441d05deb87dbced813123569731b186e526cbf43b6ac3460c1b9dba830e67ab
EV00006,CASE001,BANK,entities.csv,M003,2026-09-10T20:30:00+00:00,441d05deb87dbced813123569731b186e526cbf43b6ac3460c1b9dba830e67ab
EV00007,CASE001,BANK,entities.csv,M004,2026-09-10T20:30:00+00:00,441d05deb87dbced813123569731b186e526cbf43b6ac3460c1b9dba830e67ab
EV00008,CASE001,BANK,entities.csv,N001,2026-09-10T20:30:00+00:00,441d05deb87dbced813123569731b186e526cbf43b6ac3460c1b9dba830e67ab
EV00009,CASE001,BANK,entities.csv,N002,2026-09-10T20:30:00+00:00,441d05deb87dbced813123569731b186e526cbf43b6ac3460c1b9dba830e67ab
EV00010,CASE001,BANK,entities.csv,N003,2026-09-10T20:30:00+00:00,441d05deb87dbced813123569731b186e526cbf43b6ac3460c1b9dba830e67ab
EV00011,CASE001,BANK,entities.csv,N004,2026-09-10T20:30:00+00:00,441d05deb87dbced813123569731b186e526cbf43b6ac3460c1b9dba830e67ab
EV00012,CASE001,BANK,entities.csv,N005,2026-09-10T20:30:00+00:00,441d05deb87dbced813123569731b186e526cbf43b6ac3460c1b9dba830e67ab
EV00013,CASE001,BANK,entities.csv,N006,2026-09-10T20:30:00+00:00,441d05deb87dbced813123569731b186e526cbf43b6ac3460c1b9dba830e67ab
EV00014,CASE001,BANK,entities.csv,N007,2026-09-10T20:30:00+00:00,441d05deb87dbced813123569731b186e526cbf43b6ac3460c1b9dba830e67ab
EV00015,CASE001,BANK,entities.csv,N008,2026-09-10T20:30:00+00:00,441d05deb87dbced813123569731b186e526cbf43b6ac3460c1b9dba830e67ab
EV00016,CASE001,BANK,entities.csv,N009,2026-09-10T20:30:00+00:00,441d05deb87dbced813123569731b186e526cbf43b6ac3460c1b9dba830e67ab
EV00017,CASE001,BANK,entities.csv,N010,2026-09-10T20:30:00+00:00,441d05deb87dbced813123569731b186e526cbf43b6ac3460c1b9dba830e67ab
EV00018,CASE001,BANK,entities.csv,N011,2026-09-10T20:30:00+00:00,441d05deb87dbced813123569731b186e526cbf43b6ac3460c1b9dba830e67ab
EV00019,CASE001,BANK,entities.csv,N012,2026-09-10T20:30:00+00:00,441d05deb87dbced813123569731b186e526cbf43b6ac3460c1b9dba830e67ab
EV00020,CASE001,BANK,entities.csv,N013,2026-09-10T20:30:00+00:00,441d05deb87dbced813123569731b186e526cbf43b6ac3460c1b9dba830e67ab
EV00021,CASE001,BANK,entities.csv,N014,2026-09-10T20:30:00+00:00,441d05deb87dbced813123569731b186e526cbf43b6ac3460c1b9dba830e67ab
EV00022,CASE001,BANK,entities.csv,N015,2026-09-10T20:30:00+00:00,441d05deb87dbced813123569731b186e526cbf43b6ac3460c1b9dba830e67ab
EV00023,CASE001,BANK,entities.csv,N016,2026-09-10T20:30:00+00:00,441d05deb87dbced813123569731b186e526cbf43b6ac3460c1b9dba830e67ab
EV00024,CASE001,BANK,entities.csv,N017,2026-09-10T20:30:00+00:00,441d05deb87dbced813123569731b186e526cbf43b6ac3460c1b9dba830e67ab
EV00025,CASE001,BANK,entities.csv,N018,2026-09-10T20:30:00+00:00,441d05deb87dbced813123569731b186e526cbf43b6ac3460c1b9dba830e67ab
EV00026,CASE001,BANK,entities.csv,N019,2026-09-10T20:30:00+00:00,441d05deb87dbced813123569731b186e526cbf43b6ac3460c1b9dba830e67ab
EV00027,CASE001,BANK,entities.csv,N020,2026-09-10T20:30:00+00:00,441d05deb87dbced813123569731b186e526cbf43b6ac3460c1b9dba830e67ab
EV00028,CASE001,BANK,entities.csv,N021,2026-09-10T20:30:00+00:00,441d05deb87dbced813123569731b186e526cbf43b6ac3460c1b9dba830e67ab
EV00029,CASE001,BANK,entities.csv,N022,2026-09-10T20:30:00+00:00,441d05deb87dbced813123569731b186e526cbf43b6ac3460c1b9dba830e67ab
EV00030,CASE001,BANK,entities.csv,N023,2026-09-10T20:30:00+00:00,441d05deb87dbced813123569731b186e526cbf43b6ac3460c1b9dba830e67ab
EV00031,CASE001,BANK,entities.csv,N024,2026-09-10T20:30:00+00:00,441d05deb87dbced813123569731b186e526cbf43b6ac3460c1b9dba830e67ab
EV00032,CASE001,BANK,entities.csv,N025,2026-09-10T20:30:00+00:00,441d05deb87dbced813123569731b186e526cbf43b6ac3460c1b9dba830e67ab
EV00033,CASE001,BANK,transactions.csv,TXN00001,2026-09-10T20:30:00+00:00,7e3ae446327bdb4db45c46cf9bd2f32a27ce2e471a793856f267a493a43f6ebf
EV00034,CASE001,BANK,transactions.csv,TXN00002,2026-09-10T20:30:00+00:00,7e3ae446327bdb4db45c46cf9bd2f32a27ce2e471a793856f267a493a43f6ebf
EV00035,CASE001,BANK,transactions.csv,TXN00003,2026-09-10T20:30:00+00:00,7e3ae446327bdb4db45c46cf9bd2f32a27ce2e471a793856f267a493a43f6ebf
EV00036,CASE001,BANK,transactions.csv,TXN00004,2026-09-10T20:30:00+00:00,7e3ae446327bdb4db45c46cf9bd2f32a27ce2e471a793856f267a493a43f6ebf
EV00037,CASE001,BANK,transactions.csv,TXN00005,2026-09-10T20:30:00+00:00,7e3ae446327bdb4db45c46cf9bd2f32a27ce2e471a793856f267a493a43f6ebf
EV00038,CASE001,BANK,transactions.csv,TXN00006,2026-09-10T20:30:00+00:00,7e3ae446327bdb4db45c46cf9bd2f32a27ce2e471a793856f267a493a43f6ebf
EV00039,CASE001,BANK,transactions.csv,TXN00007,2026-09-10T20:30:00+00:00,7e3ae446327bdb4db45c46cf9bd2f32a27ce2e471a793856f267a493a43f6ebf
EV00040,CASE001,BANK,transactions.csv,TXN00008,2026-09-10T20:30:00+00:00,7e3ae446327bdb4db45c46cf9bd2f32a27ce2e471a793856f267a493a43f6ebf
EV00041,CASE001,BANK,transactions.csv,TXN00009,2026-09-10T20:30:00+00:00,7e3ae446327bdb4db45c46cf9bd2f32a27ce2e471a793856f267a493a43f6ebf
EV00042,CASE001,BANK,transactions.csv,TXN00010,2026-09-10T20:30:00+00:00,7e3ae446327bdb4db45c46cf9bd2f32a27ce2e471a793856f267a493a43f6ebf
EV00043,CASE001,BANK,transactions.csv,TXN00011,2026-09-10T20:30:00+00:00,7e3ae446327bdb4db45c46cf9bd2f32a27ce2e471a793856f267a493a43f6ebf
EV00044,CASE001,BANK,transactions.csv,TXN00012,2026-09-10T20:30:00+00:00,7e3ae446327bdb4db45c46cf9bd2f32a27ce2e471a793856f267a493a43f6ebf
EV00045,CASE001,BANK,transactions.csv,TXN00013,2026-09-10T20:30:00+00:00,7e3ae446327bdb4db45c46cf9bd2f32a27ce2e471a793856f267a493a43f6ebf
EV00046,CASE001,BANK,transactions.csv,TXN00014,2026-09-10T20:30:00+00:00,7e3ae446327bdb4db45c46cf9bd2f32a27ce2e471a793856f267a493a43f6ebf
EV00047,CASE001,BANK,transactions.csv,TXN00015,2026-09-10T20:30:00+00:00,7e3ae446327bdb4db45c46cf9bd2f32a27ce2e471a793856f267a493a43f6ebf
EV00048,CASE001,BANK,transactions.csv,TXN00016,2026-09-10T20:30:00+00:00,7e3ae446327bdb4db45c46cf9bd2f32a27ce2e471a793856f267a493a43f6ebf
EV00049,CASE001,BANK,transactions.csv,TXN00017,2026-09-10T20:30:00+00:00,7e3ae446327bdb4db45c46cf9bd2f32a27ce2e471a793856f267a493a43f6ebf
EV00050,CASE001,BANK,transactions.csv,TXN00018,2026-09-10T20:30:00+00:00,7e3ae446327bdb4db45c46cf9bd2f32a27ce2e471a793856f267a493a43f6ebf
EV00051,CASE001,BANK,transactions.csv,TXN00019,2026-09-10T20:30:00+00:00,7e3ae446327bdb4db45c46cf9bd2f32a27ce2e471a793856f267a493a43f6ebf
EV00052,CASE001,BANK,transactions.csv,TXN00020,2026-09-10T20:30:00+00:00,7e3ae446327bdb4db45c46cf9bd2f32a27ce2e471a793856f267a493a43f6ebf
EV00053,CASE001,BANK,transactions.csv,TXN00021,2026-09-10T20:30:00+00:00,7e3ae446327bdb4db45c46cf9bd2f32a27ce2e471a793856f267a493a43f6ebf
EV00054,CASE001,BANK,transactions.csv,TXN00022,2026-09-10T20:30:00+00:00,7e3ae446327bdb4db45c46cf9bd2f32a27ce2e471a793856f267a493a43f6ebf
EV00055,CASE001,BANK,transactions.csv,TXN00023,2026-09-10T20:30:00+00:00,7e3ae446327bdb4db45c46cf9bd2f32a27ce2e471a793856f267a493a43f6ebf
EV00056,CASE001,BANK,transactions.csv,TXN00024,2026-09-10T20:30:00+00:00,7e3ae446327bdb4db45c46cf9bd2f32a27ce2e471a793856f267a493a43f6ebf
EV00057,CASE001,BANK,transactions.csv,TXN00025,2026-09-10T20:30:00+00:00,7e3ae446327bdb4db45c46cf9bd2f32a27ce2e471a793856f267a493a43f6ebf
EV00058,CASE001,BANK,transactions.csv,TXN00026,2026-09-10T20:30:00+00:00,7e3ae446327bdb4db45c46cf9bd2f32a27ce2e471a793856f267a493a43f6ebf
EV00059,CASE001,BANK,transactions.csv,TXN00027,2026-09-10T20:30:00+00:00,7e3ae446327bdb4db45c46cf9bd2f32a27ce2e471a793856f267a493a43f6ebf
EV00060,CASE001,BANK,transactions.csv,TXN00028,2026-09-10T20:30:00+00:00,7e3ae446327bdb4db45c46cf9bd2f32a27ce2e471a793856f267a493a43f6ebf
EV00061,CASE001,BANK,transactions.csv,TXN00029,2026-09-10T20:30:00+00:00,7e3ae446327bdb4db45c46cf9bd2f32a27ce2e471a793856f267a493a43f6ebf
EV00062,CASE001,BANK,transactions.csv,TXN00030,2026-09-10T20:30:00+00:00,7e3ae446327bdb4db45c46cf9bd2f32a27ce2e471a793856f267a493a43f6ebf
EV00063,CASE001,BANK,transactions.csv,TXN00031,2026-09-10T20:30:00+00:00,7e3ae446327bdb4db45c46cf9bd2f32a27ce2e471a793856f267a493a43f6ebf
EV00064,CASE001,BANK,transactions.csv,TXN00032,2026-09-10T20:30:00+00:00,7e3ae446327bdb4db45c46cf9bd2f32a27ce2e471a793856f267a493a43f6ebf
EV00065,CASE001,BANK,transactions.csv,TXN00033,2026-09-10T20:30:00+00:00,7e3ae446327bdb4db45c46cf9bd2f32a27ce2e471a793856f267a493a43f6ebf
EV00066,CASE001,BANK,transactions.csv,TXN00034,2026-09-10T20:30:00+00:00,7e3ae446327bdb4db45c46cf9bd2f32a27ce2e471a793856f267a493a43f6ebf
EV00067,CASE001,BANK,transactions.csv,TXN00035,2026-09-10T20:30:00+00:00,7e3ae446327bdb4db45c46cf9bd2f32a27ce2e471a793856f267a493a43f6ebf
EV00068,CASE001,BANK,transactions.csv,TXN00036,2026-09-10T20:30:00+00:00,7e3ae446327bdb4db45c46cf9bd2f32a27ce2e471a793856f267a493a43f6ebf
EV00069,CASE001,BANK,transactions.csv,TXN00037,2026-09-10T20:30:00+00:00,7e3ae446327bdb4db45c46cf9bd2f32a27ce2e471a793856f267a493a43f6ebf
EV00070,CASE001,BANK,transactions.csv,TXN00038,2026-09-10T20:30:00+00:00,7e3ae446327bdb4db45c46cf9bd2f32a27ce2e471a793856f267a493a43f6ebf
EV00071,CASE001,BANK,transactions.csv,TXN00039,2026-09-10T20:30:00+00:00,7e3ae446327bdb4db45c46cf9bd2f32a27ce2e471a793856f267a493a43f6ebf
EV00072,CASE001,BANK,transactions.csv,TXN00040,2026-09-10T20:30:00+00:00,7e3ae446327bdb4db45c46cf9bd2f32a27ce2e471a793856f267a493a43f6ebf
EV00073,CASE001,BANK,transactions.csv,TXN00041,2026-09-10T20:30:00+00:00,7e3ae446327bdb4db45c46cf9bd2f32a27ce2e471a793856f267a493a43f6ebf
EV00074,CASE001,BANK,transactions.csv,TXN00042,2026-09-10T20:30:00+00:00,7e3ae446327bdb4db45c46cf9bd2f32a27ce2e471a793856f267a493a43f6ebf
EV00075,CASE001,BANK,transactions.csv,TXN00043,2026-09-10T20:30:00+00:00,7e3ae446327bdb4db45c46cf9bd2f32a27ce2e471a793856f267a493a43f6ebf
EV00076,CASE001,BANK,transactions.csv,TXN00044,2026-09-10T20:30:00+00:00,7e3ae446327bdb4db45c46cf9bd2f32a27ce2e471a793856f267a493a43f6ebf
EV00077,CASE001,BANK,transactions.csv,TXN00045,2026-09-10T20:30:00+00:00,7e3ae446327bdb4db45c46cf9bd2f32a27ce2e471a793856f267a493a43f6ebf
EV00078,CASE001,BANK,transactions.csv,TXN00046,2026-09-10T20:30:00+00:00,7e3ae446327bdb4db45c46cf9bd2f32a27ce2e471a793856f267a493a43f6ebf
EV00079,CASE001,BANK,transactions.csv,TXN00047,2026-09-10T20:30:00+00:00,7e3ae446327bdb4db45c46cf9bd2f32a27ce2e471a793856f267a493a43f6ebf
EV00080,CASE001,BANK,transactions.csv,TXN00048,2026-09-10T20:30:00+00:00,7e3ae446327bdb4db45c46cf9bd2f32a27ce2e471a793856f267a493a43f6ebf
EV00081,CASE001,BANK,transactions.csv,TXN00049,2026-09-10T20:30:00+00:00,7e3ae446327bdb4db45c46cf9bd2f32a27ce2e471a793856f267a493a43f6ebf
EV00082,CASE001,BANK,transactions.csv,TXN00050,2026-09-10T20:30:00+00:00,7e3ae446327bdb4db45c46cf9bd2f32a27ce2e471a793856f267a493a43f6ebf
EV00083,CASE001,BANK,transactions.csv,TXN00051,2026-09-10T20:30:00+00:00,7e3ae446327bdb4db45c46cf9bd2f32a27ce2e471a793856f267a493a43f6ebf
EV00084,CASE001,BANK,transactions.csv,TXN00052,2026-09-10T20:30:00+00:00,7e3ae446327bdb4db45c46cf9bd2f32a27ce2e471a793856f267a493a43f6ebf
EV00085,CASE001,BANK,transactions.csv,TXN00053,2026-09-10T20:30:00+00:00,7e3ae446327bdb4db45c46cf9bd2f32a27ce2e471a793856f267a493a43f6ebf
EV00086,CASE001,BANK,transactions.csv,TXN00054,2026-09-10T20:30:00+00:00,7e3ae446327bdb4db45c46cf9bd2f32a27ce2e471a793856f267a493a43f6ebf
EV00087,CASE001,BANK,transactions.csv,TXN00055,2026-09-10T20:30:00+00:00,7e3ae446327bdb4db45c46cf9bd2f32a27ce2e471a793856f267a493a43f6ebf
EV00088,CASE001,BANK,transactions.csv,TXN00056,2026-09-10T20:30:00+00:00,7e3ae446327bdb4db45c46cf9bd2f32a27ce2e471a793856f267a493a43f6ebf
EV00089,CASE001,BANK,transactions.csv,TXN00057,2026-09-10T20:30:00+00:00,7e3ae446327bdb4db45c46cf9bd2f32a27ce2e471a793856f267a493a43f6ebf
EV00090,CASE001,BANK,transactions.csv,TXN00058,2026-09-10T20:30:00+00:00,7e3ae446327bdb4db45c46cf9bd2f32a27ce2e471a793856f267a493a43f6ebf
EV00091,CASE001,BANK,transactions.csv,TXN00059,2026-09-10T20:30:00+00:00,7e3ae446327bdb4db45c46cf9bd2f32a27ce2e471a793856f267a493a43f6ebf
EV00092,CASE001,BANK,transactions.csv,TXN00060,2026-09-10T20:30:00+00:00,7e3ae446327bdb4db45c46cf9bd2f32a27ce2e471a793856f267a493a43f6ebf
EV00093,CASE001,BANK,transactions.csv,TXN00061,2026-09-10T20:30:00+00:00,7e3ae446327bdb4db45c46cf9bd2f32a27ce2e471a793856f267a493a43f6ebf
EV00094,CASE001,BANK,transactions.csv,TXN00062,2026-09-10T20:30:00+00:00,7e3ae446327bdb4db45c46cf9bd2f32a27ce2e471a793856f267a493a43f6ebf
EV00095,CASE001,BANK,transactions.csv,TXN00063,2026-09-10T20:30:00+00:00,7e3ae446327bdb4db45c46cf9bd2f32a27ce2e471a793856f267a493a43f6ebf
EV00096,CASE001,BANK,transactions.csv,TXN00064,2026-09-10T20:30:00+00:00,7e3ae446327bdb4db45c46cf9bd2f32a27ce2e471a793856f267a493a43f6ebf
EV00097,CASE001,BANK,transactions.csv,TXN00065,2026-09-10T20:30:00+00:00,7e3ae446327bdb4db45c46cf9bd2f32a27ce2e471a793856f267a493a43f6ebf
EV00098,CASE001,BANK,transactions.csv,TXN00066,2026-09-10T20:30:00+00:00,7e3ae446327bdb4db45c46cf9bd2f32a27ce2e471a793856f267a493a43f6ebf
EV00099,CASE001,BANK,transactions.csv,TXN00067,2026-09-10T20:30:00+00:00,7e3ae446327bdb4db45c46cf9bd2f32a27ce2e471a793856f267a493a43f6ebf
EV00100,CASE001,BANK,transactions.csv,TXN00068,2026-09-10T20:30:00+00:00,7e3ae446327bdb4db45c46cf9bd2f32a27ce2e471a793856f267a493a43f6ebf
EV00101,CASE001,BANK,transactions.csv,TXN00069,2026-09-10T20:30:00+00:00,7e3ae446327bdb4db45c46cf9bd2f32a27ce2e471a793856f267a493a43f6ebf
EV00102,CASE001,BANK,transactions.csv,TXN00070,2026-09-10T20:30:00+00:00,7e3ae446327bdb4db45c46cf9bd2f32a27ce2e471a793856f267a493a43f6ebf
EV00103,CASE001,BANK,transactions.csv,TXN00071,2026-09-10T20:30:00+00:00,7e3ae446327bdb4db45c46cf9bd2f32a27ce2e471a793856f267a493a43f6ebf
EV00104,CASE001,BANK,transactions.csv,TXN00072,2026-09-10T20:30:00+00:00,7e3ae446327bdb4db45c46cf9bd2f32a27ce2e471a793856f267a493a43f6ebf
EV00105,CASE001,BANK,transactions.csv,TXN00073,2026-09-10T20:30:00+00:00,7e3ae446327bdb4db45c46cf9bd2f32a27ce2e471a793856f267a493a43f6ebf
EV00106,CASE001,BANK,transactions.csv,TXN00074,2026-09-10T20:30:00+00:00,7e3ae446327bdb4db45c46cf9bd2f32a27ce2e471a793856f267a493a43f6ebf
EV00107,CASE001,BANK,transactions.csv,TXN00075,2026-09-10T20:30:00+00:00,7e3ae446327bdb4db45c46cf9bd2f32a27ce2e471a793856f267a493a43f6ebf
EV00108,CASE001,BANK,transactions.csv,TXN00076,2026-09-10T20:30:00+00:00,7e3ae446327bdb4db45c46cf9bd2f32a27ce2e471a793856f267a493a43f6ebf
EV00109,CASE001,BANK,transactions.csv,TXN00077,2026-09-10T20:30:00+00:00,7e3ae446327bdb4db45c46cf9bd2f32a27ce2e471a793856f267a493a43f6ebf
EV00110,CASE001,BANK,transactions.csv,TXN00078,2026-09-10T20:30:00+00:00,7e3ae446327bdb4db45c46cf9bd2f32a27ce2e471a793856f267a493a43f6ebf
EV00111,CASE001,BANK,transactions.csv,TXN00079,2026-09-10T20:30:00+00:00,7e3ae446327bdb4db45c46cf9bd2f32a27ce2e471a793856f267a493a43f6ebf
EV00112,CASE001,BANK,transactions.csv,TXN00080,2026-09-10T20:30:00+00:00,7e3ae446327bdb4db45c46cf9bd2f32a27ce2e471a793856f267a493a43f6ebf
EV00113,CASE001,BANK,transactions.csv,TXN00081,2026-09-10T20:30:00+00:00,7e3ae446327bdb4db45c46cf9bd2f32a27ce2e471a793856f267a493a43f6ebf
EV00114,CASE001,BANK,transactions.csv,TXN00082,2026-09-10T20:30:00+00:00,7e3ae446327bdb4db45c46cf9bd2f32a27ce2e471a793856f267a493a43f6ebf
EV00115,CASE001,BANK,transactions.csv,TXN00083,2026-09-10T20:30:00+00:00,7e3ae446327bdb4db45c46cf9bd2f32a27ce2e471a793856f267a493a43f6ebf
EV00116,CASE001,BANK,transactions.csv,TXN00084,2026-09-10T20:30:00+00:00,7e3ae446327bdb4db45c46cf9bd2f32a27ce2e471a793856f267a493a43f6ebf
EV00117,CASE001,BANK,transactions.csv,TXN00085,2026-09-10T20:30:00+00:00,7e3ae446327bdb4db45c46cf9bd2f32a27ce2e471a793856f267a493a43f6ebf
EV00118,CASE001,BANK,transactions.csv,TXN00086,2026-09-10T20:30:00+00:00,7e3ae446327bdb4db45c46cf9bd2f32a27ce2e471a793856f267a493a43f6ebf
EV00119,CASE001,BANK,transactions.csv,TXN00087,2026-09-10T20:30:00+00:00,7e3ae446327bdb4db45c46cf9bd2f32a27ce2e471a793856f267a493a43f6ebf
EV00120,CASE001,BANK,transactions.csv,TXN00088,2026-09-10T20:30:00+00:00,7e3ae446327bdb4db45c46cf9bd2f32a27ce2e471a793856f267a493a43f6ebf
EV00121,CASE001,BANK,transactions.csv,TXN00089,2026-09-10T20:30:00+00:00,7e3ae446327bdb4db45c46cf9bd2f32a27ce2e471a793856f267a493a43f6ebf
EV00122,CASE001,TELECOM,cdr.csv,CDR00001,2026-09-10T20:30:00+00:00,9a04d0183803c51cf7e4e9c75feb228f3f30e1288ee8c875bd6578656bfb9e35
EV00123,CASE001,TELECOM,cdr.csv,CDR00002,2026-09-10T20:30:00+00:00,9a04d0183803c51cf7e4e9c75feb228f3f30e1288ee8c875bd6578656bfb9e35
EV00124,CASE001,TELECOM,cdr.csv,CDR00003,2026-09-10T20:30:00+00:00,9a04d0183803c51cf7e4e9c75feb228f3f30e1288ee8c875bd6578656bfb9e35
EV00125,CASE001,TELECOM,cdr.csv,CDR00004,2026-09-10T20:30:00+00:00,9a04d0183803c51cf7e4e9c75feb228f3f30e1288ee8c875bd6578656bfb9e35
EV00126,CASE001,TELECOM,cdr.csv,CDR00005,2026-09-10T20:30:00+00:00,9a04d0183803c51cf7e4e9c75feb228f3f30e1288ee8c875bd6578656bfb9e35
EV00127,CASE001,TELECOM,cdr.csv,CDR00006,2026-09-10T20:30:00+00:00,9a04d0183803c51cf7e4e9c75feb228f3f30e1288ee8c875bd6578656bfb9e35
EV00128,CASE001,TELECOM,cdr.csv,CDR00007,2026-09-10T20:30:00+00:00,9a04d0183803c51cf7e4e9c75feb228f3f30e1288ee8c875bd6578656bfb9e35
EV00129,CASE001,TELECOM,cdr.csv,CDR00008,2026-09-10T20:30:00+00:00,9a04d0183803c51cf7e4e9c75feb228f3f30e1288ee8c875bd6578656bfb9e35
EV00130,CASE001,TELECOM,cdr.csv,CDR00009,2026-09-10T20:30:00+00:00,9a04d0183803c51cf7e4e9c75feb228f3f30e1288ee8c875bd6578656bfb9e35
EV00131,CASE001,TELECOM,cdr.csv,CDR00010,2026-09-10T20:30:00+00:00,9a04d0183803c51cf7e4e9c75feb228f3f30e1288ee8c875bd6578656bfb9e35
EV00132,CASE001,TELECOM,cdr.csv,CDR00011,2026-09-10T20:30:00+00:00,9a04d0183803c51cf7e4e9c75feb228f3f30e1288ee8c875bd6578656bfb9e35
EV00133,CASE001,TELECOM,cdr.csv,CDR00012,2026-09-10T20:30:00+00:00,9a04d0183803c51cf7e4e9c75feb228f3f30e1288ee8c875bd6578656bfb9e35
EV00134,CASE001,TELECOM,cdr.csv,CDR00013,2026-09-10T20:30:00+00:00,9a04d0183803c51cf7e4e9c75feb228f3f30e1288ee8c875bd6578656bfb9e35
EV00135,CASE001,TELECOM,cdr.csv,CDR00014,2026-09-10T20:30:00+00:00,9a04d0183803c51cf7e4e9c75feb228f3f30e1288ee8c875bd6578656bfb9e35
EV00136,CASE001,TELECOM,cdr.csv,CDR00015,2026-09-10T20:30:00+00:00,9a04d0183803c51cf7e4e9c75feb228f3f30e1288ee8c875bd6578656bfb9e35
EV00137,CASE001,TELECOM,cdr.csv,CDR00016,2026-09-10T20:30:00+00:00,9a04d0183803c51cf7e4e9c75feb228f3f30e1288ee8c875bd6578656bfb9e35
EV00138,CASE001,TELECOM,cdr.csv,CDR00017,2026-09-10T20:30:00+00:00,9a04d0183803c51cf7e4e9c75feb228f3f30e1288ee8c875bd6578656bfb9e35
EV00139,CASE001,TELECOM,cdr.csv,CDR00018,2026-09-10T20:30:00+00:00,9a04d0183803c51cf7e4e9c75feb228f3f30e1288ee8c875bd6578656bfb9e35
EV00140,CASE001,TELECOM,cdr.csv,CDR00019,2026-09-10T20:30:00+00:00,9a04d0183803c51cf7e4e9c75feb228f3f30e1288ee8c875bd6578656bfb9e35
EV00141,CASE001,TELECOM,cdr.csv,CDR00020,2026-09-10T20:30:00+00:00,9a04d0183803c51cf7e4e9c75feb228f3f30e1288ee8c875bd6578656bfb9e35
EV00142,CASE001,TELECOM,cdr.csv,CDR00021,2026-09-10T20:30:00+00:00,9a04d0183803c51cf7e4e9c75feb228f3f30e1288ee8c875bd6578656bfb9e35
EV00143,CASE001,TELECOM,cdr.csv,CDR00022,2026-09-10T20:30:00+00:00,9a04d0183803c51cf7e4e9c75feb228f3f30e1288ee8c875bd6578656bfb9e35
EV00144,CASE001,TELECOM,cdr.csv,CDR00023,2026-09-10T20:30:00+00:00,9a04d0183803c51cf7e4e9c75feb228f3f30e1288ee8c875bd6578656bfb9e35
EV00145,CASE001,TELECOM,cdr.csv,CDR00024,2026-09-10T20:30:00+00:00,9a04d0183803c51cf7e4e9c75feb228f3f30e1288ee8c875bd6578656bfb9e35
EV00146,CASE001,TELECOM,cdr.csv,CDR00025,2026-09-10T20:30:00+00:00,9a04d0183803c51cf7e4e9c75feb228f3f30e1288ee8c875bd6578656bfb9e35
EV00147,CASE001,TELECOM,cdr.csv,CDR00026,2026-09-10T20:30:00+00:00,9a04d0183803c51cf7e4e9c75feb228f3f30e1288ee8c875bd6578656bfb9e35
EV00148,CASE001,TELECOM,cdr.csv,CDR00027,2026-09-10T20:30:00+00:00,9a04d0183803c51cf7e4e9c75feb228f3f30e1288ee8c875bd6578656bfb9e35
EV00149,CASE001,TELECOM,cdr.csv,CDR00028,2026-09-10T20:30:00+00:00,9a04d0183803c51cf7e4e9c75feb228f3f30e1288ee8c875bd6578656bfb9e35
EV00150,CASE001,TELECOM,cdr.csv,CDR00029,2026-09-10T20:30:00+00:00,9a04d0183803c51cf7e4e9c75feb228f3f30e1288ee8c875bd6578656bfb9e35
EV00151,CASE001,TELECOM,cdr.csv,CDR00030,2026-09-10T20:30:00+00:00,9a04d0183803c51cf7e4e9c75feb228f3f30e1288ee8c875bd6578656bfb9e35
EV00152,CASE001,TELECOM,cdr.csv,CDR00031,2026-09-10T20:30:00+00:00,9a04d0183803c51cf7e4e9c75feb228f3f30e1288ee8c875bd6578656bfb9e35
EV00153,CASE001,TELECOM,cdr.csv,CDR00032,2026-09-10T20:30:00+00:00,9a04d0183803c51cf7e4e9c75feb228f3f30e1288ee8c875bd6578656bfb9e35
EV00154,CASE001,TELECOM,cdr.csv,CDR00033,2026-09-10T20:30:00+00:00,9a04d0183803c51cf7e4e9c75feb228f3f30e1288ee8c875bd6578656bfb9e35
EV00155,CASE001,TELECOM,cdr.csv,CDR00034,2026-09-10T20:30:00+00:00,9a04d0183803c51cf7e4e9c75feb228f3f30e1288ee8c875bd6578656bfb9e35
EV00156,CASE001,TELECOM,cdr.csv,CDR00035,2026-09-10T20:30:00+00:00,9a04d0183803c51cf7e4e9c75feb228f3f30e1288ee8c875bd6578656bfb9e35
EV00157,CASE001,TELECOM,cdr.csv,CDR00036,2026-09-10T20:30:00+00:00,9a04d0183803c51cf7e4e9c75feb228f3f30e1288ee8c875bd6578656bfb9e35
EV00158,CASE001,TELECOM,cdr.csv,CDR00037,2026-09-10T20:30:00+00:00,9a04d0183803c51cf7e4e9c75feb228f3f30e1288ee8c875bd6578656bfb9e35
EV00159,CASE001,TELECOM,cdr.csv,CDR00038,2026-09-10T20:30:00+00:00,9a04d0183803c51cf7e4e9c75feb228f3f30e1288ee8c875bd6578656bfb9e35
EV00160,CASE001,TELECOM,cdr.csv,CDR00039,2026-09-10T20:30:00+00:00,9a04d0183803c51cf7e4e9c75feb228f3f30e1288ee8c875bd6578656bfb9e35
EV00161,CASE001,TELECOM,cdr.csv,CDR00040,2026-09-10T20:30:00+00:00,9a04d0183803c51cf7e4e9c75feb228f3f30e1288ee8c875bd6578656bfb9e35
EV00162,CASE001,TELECOM,cdr.csv,CDR00041,2026-09-10T20:30:00+00:00,9a04d0183803c51cf7e4e9c75feb228f3f30e1288ee8c875bd6578656bfb9e35
EV00163,CASE001,TELECOM,cdr.csv,CDR00042,2026-09-10T20:30:00+00:00,9a04d0183803c51cf7e4e9c75feb228f3f30e1288ee8c875bd6578656bfb9e35
EV00164,CASE001,TELECOM,cdr.csv,CDR00043,2026-09-10T20:30:00+00:00,9a04d0183803c51cf7e4e9c75feb228f3f30e1288ee8c875bd6578656bfb9e35
EV00165,CASE001,TELECOM,cdr.csv,CDR00044,2026-09-10T20:30:00+00:00,9a04d0183803c51cf7e4e9c75feb228f3f30e1288ee8c875bd6578656bfb9e35
EV00166,CASE001,TELECOM,cdr.csv,CDR00045,2026-09-10T20:30:00+00:00,9a04d0183803c51cf7e4e9c75feb228f3f30e1288ee8c875bd6578656bfb9e35
EV00167,CASE001,TELECOM,cdr.csv,CDR00046,2026-09-10T20:30:00+00:00,9a04d0183803c51cf7e4e9c75feb228f3f30e1288ee8c875bd6578656bfb9e35
EV00168,CASE001,TELECOM,cdr.csv,CDR00047,2026-09-10T20:30:00+00:00,9a04d0183803c51cf7e4e9c75feb228f3f30e1288ee8c875bd6578656bfb9e35
EV00169,CASE001,TELECOM,cdr.csv,CDR00048,2026-09-10T20:30:00+00:00,9a04d0183803c51cf7e4e9c75feb228f3f30e1288ee8c875bd6578656bfb9e35
EV00170,CASE001,TELECOM,cdr.csv,CDR00049,2026-09-10T20:30:00+00:00,9a04d0183803c51cf7e4e9c75feb228f3f30e1288ee8c875bd6578656bfb9e35
EV00171,CASE001,TELECOM,cdr.csv,CDR00050,2026-09-10T20:30:00+00:00,9a04d0183803c51cf7e4e9c75feb228f3f30e1288ee8c875bd6578656bfb9e35
EV00172,CASE001,TELECOM,cdr.csv,CDR00051,2026-09-10T20:30:00+00:00,9a04d0183803c51cf7e4e9c75feb228f3f30e1288ee8c875bd6578656bfb9e35
EV00173,CASE001,TELECOM,cdr.csv,CDR00052,2026-09-10T20:30:00+00:00,9a04d0183803c51cf7e4e9c75feb228f3f30e1288ee8c875bd6578656bfb9e35
EV00174,CASE001,TELECOM,cdr.csv,CDR00053,2026-09-10T20:30:00+00:00,9a04d0183803c51cf7e4e9c75feb228f3f30e1288ee8c875bd6578656bfb9e35
EV00175,CASE001,TELECOM,cdr.csv,CDR00054,2026-09-10T20:30:00+00:00,9a04d0183803c51cf7e4e9c75feb228f3f30e1288ee8c875bd6578656bfb9e35
EV00176,CASE001,TELECOM,cdr.csv,CDR00055,2026-09-10T20:30:00+00:00,9a04d0183803c51cf7e4e9c75feb228f3f30e1288ee8c875bd6578656bfb9e35
EV00177,CASE001,TELECOM,cdr.csv,CDR00056,2026-09-10T20:30:00+00:00,9a04d0183803c51cf7e4e9c75feb228f3f30e1288ee8c875bd6578656bfb9e35
EV00178,CASE001,TELECOM,cdr.csv,CDR00057,2026-09-10T20:30:00+00:00,9a04d0183803c51cf7e4e9c75feb228f3f30e1288ee8c875bd6578656bfb9e35
EV00179,CASE001,TELECOM,cdr.csv,CDR00058,2026-09-10T20:30:00+00:00,9a04d0183803c51cf7e4e9c75feb228f3f30e1288ee8c875bd6578656bfb9e35
EV00180,CASE001,TELECOM,cdr.csv,CDR00059,2026-09-10T20:30:00+00:00,9a04d0183803c51cf7e4e9c75feb228f3f30e1288ee8c875bd6578656bfb9e35
EV00181,CASE001,TELECOM,cdr.csv,CDR00060,2026-09-10T20:30:00+00:00,9a04d0183803c51cf7e4e9c75feb228f3f30e1288ee8c875bd6578656bfb9e35
EV00182,CASE001,TELECOM,cdr.csv,CDR00061,2026-09-10T20:30:00+00:00,9a04d0183803c51cf7e4e9c75feb228f3f30e1288ee8c875bd6578656bfb9e35
EV00183,CASE001,TELECOM,cdr.csv,CDR00062,2026-09-10T20:30:00+00:00,9a04d0183803c51cf7e4e9c75feb228f3f30e1288ee8c875bd6578656bfb9e35
EV00184,CASE001,TELECOM,cdr.csv,CDR00063,2026-09-10T20:30:00+00:00,9a04d0183803c51cf7e4e9c75feb228f3f30e1288ee8c875bd6578656bfb9e35
EV00185,CASE001,TELECOM,cdr.csv,CDR00064,2026-09-10T20:30:00+00:00,9a04d0183803c51cf7e4e9c75feb228f3f30e1288ee8c875bd6578656bfb9e35
EV00186,CASE001,TELECOM,cdr.csv,CDR00065,2026-09-10T20:30:00+00:00,9a04d0183803c51cf7e4e9c75feb228f3f30e1288ee8c875bd6578656bfb9e35
EV00187,CASE001,TELECOM,cdr.csv,CDR00066,2026-09-10T20:30:00+00:00,9a04d0183803c51cf7e4e9c75feb228f3f30e1288ee8c875bd6578656bfb9e35
EV00188,CASE001,TELECOM,cdr.csv,CDR00067,2026-09-10T20:30:00+00:00,9a04d0183803c51cf7e4e9c75feb228f3f30e1288ee8c875bd6578656bfb9e35
EV00189,CASE001,TELECOM,cdr.csv,CDR00068,2026-09-10T20:30:00+00:00,9a04d0183803c51cf7e4e9c75feb228f3f30e1288ee8c875bd6578656bfb9e35
EV00190,CASE001,TELECOM,cdr.csv,CDR00069,2026-09-10T20:30:00+00:00,9a04d0183803c51cf7e4e9c75feb228f3f30e1288ee8c875bd6578656bfb9e35
EV00191,CASE001,TELECOM,cdr.csv,CDR00070,2026-09-10T20:30:00+00:00,9a04d0183803c51cf7e4e9c75feb228f3f30e1288ee8c875bd6578656bfb9e35
EV00192,CASE001,TELECOM,cdr.csv,CDR00071,2026-09-10T20:30:00+00:00,9a04d0183803c51cf7e4e9c75feb228f3f30e1288ee8c875bd6578656bfb9e35
EV00193,CASE001,TELECOM,cdr.csv,CDR00072,2026-09-10T20:30:00+00:00,9a04d0183803c51cf7e4e9c75feb228f3f30e1288ee8c875bd6578656bfb9e35
EV00194,CASE001,TELECOM,cdr.csv,CDR00073,2026-09-10T20:30:00+00:00,9a04d0183803c51cf7e4e9c75feb228f3f30e1288ee8c875bd6578656bfb9e35
EV00195,CASE001,TELECOM,cdr.csv,CDR00074,2026-09-10T20:30:00+00:00,9a04d0183803c51cf7e4e9c75feb228f3f30e1288ee8c875bd6578656bfb9e35
EV00196,CASE001,TELECOM,cdr.csv,CDR00075,2026-09-10T20:30:00+00:00,9a04d0183803c51cf7e4e9c75feb228f3f30e1288ee8c875bd6578656bfb9e35
EV00197,CASE001,TELECOM,cdr.csv,CDR00076,2026-09-10T20:30:00+00:00,9a04d0183803c51cf7e4e9c75feb228f3f30e1288ee8c875bd6578656bfb9e35
EV00198,CASE001,TELECOM,cdr.csv,CDR00077,2026-09-10T20:30:00+00:00,9a04d0183803c51cf7e4e9c75feb228f3f30e1288ee8c875bd6578656bfb9e35
EV00199,CASE001,TELECOM,cdr.csv,CDR00078,2026-09-10T20:30:00+00:00,9a04d0183803c51cf7e4e9c75feb228f3f30e1288ee8c875bd6578656bfb9e35
EV00200,CASE001,TELECOM,cdr.csv,CDR00079,2026-09-10T20:30:00+00:00,9a04d0183803c51cf7e4e9c75feb228f3f30e1288ee8c875bd6578656bfb9e35
EV00201,CASE001,TELECOM,cdr.csv,CDR00080,2026-09-10T20:30:00+00:00,9a04d0183803c51cf7e4e9c75feb228f3f30e1288ee8c875bd6578656bfb9e35
EV00202,CASE001,TELECOM,cdr.csv,CDR00081,2026-09-10T20:30:00+00:00,9a04d0183803c51cf7e4e9c75feb228f3f30e1288ee8c875bd6578656bfb9e35
EV00203,CASE001,TELECOM,cdr.csv,CDR00082,2026-09-10T20:30:00+00:00,9a04d0183803c51cf7e4e9c75feb228f3f30e1288ee8c875bd6578656bfb9e35
EV00204,CASE001,TELECOM,cdr.csv,CDR00083,2026-09-10T20:30:00+00:00,9a04d0183803c51cf7e4e9c75feb228f3f30e1288ee8c875bd6578656bfb9e35
EV00205,CASE001,TELECOM,cdr.csv,CDR00084,2026-09-10T20:30:00+00:00,9a04d0183803c51cf7e4e9c75feb228f3f30e1288ee8c875bd6578656bfb9e35
EV00206,CASE001,TELECOM,cdr.csv,CDR00085,2026-09-10T20:30:00+00:00,9a04d0183803c51cf7e4e9c75feb228f3f30e1288ee8c875bd6578656bfb9e35
EV00207,CASE001,TELECOM,cdr.csv,CDR00086,2026-09-10T20:30:00+00:00,9a04d0183803c51cf7e4e9c75feb228f3f30e1288ee8c875bd6578656bfb9e35
EV00208,CASE001,TELECOM,cdr.csv,CDR00087,2026-09-10T20:30:00+00:00,9a04d0183803c51cf7e4e9c75feb228f3f30e1288ee8c875bd6578656bfb9e35
EV00209,CASE001,TELECOM,cdr.csv,CDR00088,2026-09-10T20:30:00+00:00,9a04d0183803c51cf7e4e9c75feb228f3f30e1288ee8c875bd6578656bfb9e35
EV00210,CASE001,TELECOM,cdr.csv,CDR00089,2026-09-10T20:30:00+00:00,9a04d0183803c51cf7e4e9c75feb228f3f30e1288ee8c875bd6578656bfb9e35
EV00211,CASE001,TELECOM,cdr.csv,CDR00090,2026-09-10T20:30:00+00:00,9a04d0183803c51cf7e4e9c75feb228f3f30e1288ee8c875bd6578656bfb9e35
EV00212,CASE001,TELECOM,cdr.csv,CDR00091,2026-09-10T20:30:00+00:00,9a04d0183803c51cf7e4e9c75feb228f3f30e1288ee8c875bd6578656bfb9e35
EV00213,CASE001,TELECOM,cdr.csv,CDR00092,2026-09-10T20:30:00+00:00,9a04d0183803c51cf7e4e9c75feb228f3f30e1288ee8c875bd6578656bfb9e35
EV00214,CASE001,TELECOM,cdr.csv,CDR00093,2026-09-10T20:30:00+00:00,9a04d0183803c51cf7e4e9c75feb228f3f30e1288ee8c875bd6578656bfb9e35
EV00215,CASE001,TELECOM,cdr.csv,CDR00094,2026-09-10T20:30:00+00:00,9a04d0183803c51cf7e4e9c75feb228f3f30e1288ee8c875bd6578656bfb9e35
EV00216,CASE001,TELECOM,cdr.csv,CDR00095,2026-09-10T20:30:00+00:00,9a04d0183803c51cf7e4e9c75feb228f3f30e1288ee8c875bd6578656bfb9e35
EV00217,CASE001,TELECOM,cdr.csv,CDR00096,2026-09-10T20:30:00+00:00,9a04d0183803c51cf7e4e9c75feb228f3f30e1288ee8c875bd6578656bfb9e35
EV00218,CASE001,TELECOM,cdr.csv,CDR00097,2026-09-10T20:30:00+00:00,9a04d0183803c51cf7e4e9c75feb228f3f30e1288ee8c875bd6578656bfb9e35
EV00219,CASE001,TELECOM,cdr.csv,CDR00098,2026-09-10T20:30:00+00:00,9a04d0183803c51cf7e4e9c75feb228f3f30e1288ee8c875bd6578656bfb9e35
EV00220,CASE001,TELECOM,cdr.csv,CDR00099,2026-09-10T20:30:00+00:00,9a04d0183803c51cf7e4e9c75feb228f3f30e1288ee8c875bd6578656bfb9e35
EV00221,CASE001,TELECOM,cdr.csv,CDR00100,2026-09-10T20:30:00+00:00,9a04d0183803c51cf7e4e9c75feb228f3f30e1288ee8c875bd6578656bfb9e35
EV00222,CASE001,TELECOM,cdr.csv,CDR00101,2026-09-10T20:30:00+00:00,9a04d0183803c51cf7e4e9c75feb228f3f30e1288ee8c875bd6578656bfb9e35
EV00223,CASE001,TELECOM,cdr.csv,CDR00102,2026-09-10T20:30:00+00:00,9a04d0183803c51cf7e4e9c75feb228f3f30e1288ee8c875bd6578656bfb9e35
EV00224,CASE001,TELECOM,cdr.csv,CDR00103,2026-09-10T20:30:00+00:00,9a04d0183803c51cf7e4e9c75feb228f3f30e1288ee8c875bd6578656bfb9e35
EV00225,CASE001,TELECOM,cdr.csv,CDR00104,2026-09-10T20:30:00+00:00,9a04d0183803c51cf7e4e9c75feb228f3f30e1288ee8c875bd6578656bfb9e35
EV00226,CASE001,TELECOM,cdr.csv,CDR00105,2026-09-10T20:30:00+00:00,9a04d0183803c51cf7e4e9c75feb228f3f30e1288ee8c875bd6578656bfb9e35
EV00227,CASE001,TELECOM,cdr.csv,CDR00106,2026-09-10T20:30:00+00:00,9a04d0183803c51cf7e4e9c75feb228f3f30e1288ee8c875bd6578656bfb9e35
EV00228,CASE001,TELECOM,cdr.csv,CDR00107,2026-09-10T20:30:00+00:00,9a04d0183803c51cf7e4e9c75feb228f3f30e1288ee8c875bd6578656bfb9e35
EV00229,CASE001,TELECOM,cdr.csv,CDR00108,2026-09-10T20:30:00+00:00,9a04d0183803c51cf7e4e9c75feb228f3f30e1288ee8c875bd6578656bfb9e35
EV00230,CASE001,TELECOM,cdr.csv,CDR00109,2026-09-10T20:30:00+00:00,9a04d0183803c51cf7e4e9c75feb228f3f30e1288ee8c875bd6578656bfb9e35
EV00231,CASE001,TELECOM,cdr.csv,CDR00110,2026-09-10T20:30:00+00:00,9a04d0183803c51cf7e4e9c75feb228f3f30e1288ee8c875bd6578656bfb9e35
EV00232,CASE001,TELECOM,cdr.csv,CDR00111,2026-09-10T20:30:00+00:00,9a04d0183803c51cf7e4e9c75feb228f3f30e1288ee8c875bd6578656bfb9e35
EV00233,CASE001,TELECOM,cdr.csv,CDR00112,2026-09-10T20:30:00+00:00,9a04d0183803c51cf7e4e9c75feb228f3f30e1288ee8c875bd6578656bfb9e35
EV00234,CASE001,TELECOM,cdr.csv,CDR00113,2026-09-10T20:30:00+00:00,9a04d0183803c51cf7e4e9c75feb228f3f30e1288ee8c875bd6578656bfb9e35
EV00235,CASE001,TELECOM,cdr.csv,CDR00114,2026-09-10T20:30:00+00:00,9a04d0183803c51cf7e4e9c75feb228f3f30e1288ee8c875bd6578656bfb9e35
EV00236,CASE001,TELECOM,cdr.csv,CDR00115,2026-09-10T20:30:00+00:00,9a04d0183803c51cf7e4e9c75feb228f3f30e1288ee8c875bd6578656bfb9e35
EV00237,CASE001,TELECOM,cdr.csv,CDR00116,2026-09-10T20:30:00+00:00,9a04d0183803c51cf7e4e9c75feb228f3f30e1288ee8c875bd6578656bfb9e35
EV00238,CASE001,TELECOM,cdr.csv,CDR00117,2026-09-10T20:30:00+00:00,9a04d0183803c51cf7e4e9c75feb228f3f30e1288ee8c875bd6578656bfb9e35
EV00239,CASE001,TELECOM,cdr.csv,CDR00118,2026-09-10T20:30:00+00:00,9a04d0183803c51cf7e4e9c75feb228f3f30e1288ee8c875bd6578656bfb9e35
EV00240,CASE001,TELECOM,cdr.csv,CDR00119,2026-09-10T20:30:00+00:00,9a04d0183803c51cf7e4e9c75feb228f3f30e1288ee8c875bd6578656bfb9e35
EV00241,CASE001,TELECOM,cdr.csv,CDR00120,2026-09-10T20:30:00+00:00,9a04d0183803c51cf7e4e9c75feb228f3f30e1288ee8c875bd6578656bfb9e35
EV00242,CASE001,TELECOM,cdr.csv,CDR00121,2026-09-10T20:30:00+00:00,9a04d0183803c51cf7e4e9c75feb228f3f30e1288ee8c875bd6578656bfb9e35
EV00243,CASE001,TELECOM,cdr.csv,CDR00122,2026-09-10T20:30:00+00:00,9a04d0183803c51cf7e4e9c75feb228f3f30e1288ee8c875bd6578656bfb9e35
EV00244,CASE001,TELECOM,cdr.csv,CDR00123,2026-09-10T20:30:00+00:00,9a04d0183803c51cf7e4e9c75feb228f3f30e1288ee8c875bd6578656bfb9e35
EV00245,CASE001,TELECOM,cdr.csv,CDR00124,2026-09-10T20:30:00+00:00,9a04d0183803c51cf7e4e9c75feb228f3f30e1288ee8c875bd6578656bfb9e35
EV00246,CASE001,TELECOM,cdr.csv,CDR00125,2026-09-10T20:30:00+00:00,9a04d0183803c51cf7e4e9c75feb228f3f30e1288ee8c875bd6578656bfb9e35
EV00247,CASE001,TELECOM,cdr.csv,CDR00126,2026-09-10T20:30:00+00:00,9a04d0183803c51cf7e4e9c75feb228f3f30e1288ee8c875bd6578656bfb9e35
EV00248,CASE001,TELECOM,cdr.csv,CDR00127,2026-09-10T20:30:00+00:00,9a04d0183803c51cf7e4e9c75feb228f3f30e1288ee8c875bd6578656bfb9e35
EV00249,CASE001,TELECOM,cdr.csv,CDR00128,2026-09-10T20:30:00+00:00,9a04d0183803c51cf7e4e9c75feb228f3f30e1288ee8c875bd6578656bfb9e35
EV00250,CASE001,TELECOM,cdr.csv,CDR00129,2026-09-10T20:30:00+00:00,9a04d0183803c51cf7e4e9c75feb228f3f30e1288ee8c875bd6578656bfb9e35
EV00251,CASE001,TELECOM,cdr.csv,CDR00130,2026-09-10T20:30:00+00:00,9a04d0183803c51cf7e4e9c75feb228f3f30e1288ee8c875bd6578656bfb9e35
EV00252,CASE001,TELECOM,cdr.csv,CDR00131,2026-09-10T20:30:00+00:00,9a04d0183803c51cf7e4e9c75feb228f3f30e1288ee8c875bd6578656bfb9e35
EV00253,CASE001,TELECOM,cdr.csv,CDR00132,2026-09-10T20:30:00+00:00,9a04d0183803c51cf7e4e9c75feb228f3f30e1288ee8c875bd6578656bfb9e35
EV00254,CASE001,TELECOM,cdr.csv,CDR00133,2026-09-10T20:30:00+00:00,9a04d0183803c51cf7e4e9c75feb228f3f30e1288ee8c875bd6578656bfb9e35
EV00255,CASE001,TELECOM,cdr.csv,CDR00134,2026-09-10T20:30:00+00:00,9a04d0183803c51cf7e4e9c75feb228f3f30e1288ee8c875bd6578656bfb9e35
EV00256,CASE001,TELECOM,cdr.csv,CDR00135,2026-09-10T20:30:00+00:00,9a04d0183803c51cf7e4e9c75feb228f3f30e1288ee8c875bd6578656bfb9e35
EV00257,CASE001,TELECOM,cdr.csv,CDR00136,2026-09-10T20:30:00+00:00,9a04d0183803c51cf7e4e9c75feb228f3f30e1288ee8c875bd6578656bfb9e35
EV00258,CASE001,TELECOM,cdr.csv,CDR00137,2026-09-10T20:30:00+00:00,9a04d0183803c51cf7e4e9c75feb228f3f30e1288ee8c875bd6578656bfb9e35
EV00259,CASE001,TELECOM,cdr.csv,CDR00138,2026-09-10T20:30:00+00:00,9a04d0183803c51cf7e4e9c75feb228f3f30e1288ee8c875bd6578656bfb9e35
EV00260,CASE001,TELECOM,cdr.csv,CDR00139,2026-09-10T20:30:00+00:00,9a04d0183803c51cf7e4e9c75feb228f3f30e1288ee8c875bd6578656bfb9e35
EV00261,CASE001,TELECOM,cdr.csv,CDR00140,2026-09-10T20:30:00+00:00,9a04d0183803c51cf7e4e9c75feb228f3f30e1288ee8c875bd6578656bfb9e35
EV00262,CASE001,TELECOM,cdr.csv,CDR00141,2026-09-10T20:30:00+00:00,9a04d0183803c51cf7e4e9c75feb228f3f30e1288ee8c875bd6578656bfb9e35
EV00263,CASE001,TELECOM,cdr.csv,CDR00142,2026-09-10T20:30:00+00:00,9a04d0183803c51cf7e4e9c75feb228f3f30e1288ee8c875bd6578656bfb9e35
EV00264,CASE001,TELECOM,cdr.csv,CDR00143,2026-09-10T20:30:00+00:00,9a04d0183803c51cf7e4e9c75feb228f3f30e1288ee8c875bd6578656bfb9e35
EV00265,CASE001,TELECOM,cdr.csv,CDR00144,2026-09-10T20:30:00+00:00,9a04d0183803c51cf7e4e9c75feb228f3f30e1288ee8c875bd6578656bfb9e35
EV00266,CASE001,TELECOM,cdr.csv,CDR00145,2026-09-10T20:30:00+00:00,9a04d0183803c51cf7e4e9c75feb228f3f30e1288ee8c875bd6578656bfb9e35
EV00267,CASE001,TELECOM,cdr.csv,CDR00146,2026-09-10T20:30:00+00:00,9a04d0183803c51cf7e4e9c75feb228f3f30e1288ee8c875bd6578656bfb9e35
EV00268,CASE001,TELECOM,cdr.csv,CDR00147,2026-09-10T20:30:00+00:00,9a04d0183803c51cf7e4e9c75feb228f3f30e1288ee8c875bd6578656bfb9e35
EV00269,CASE001,TELECOM,cdr.csv,CDR00148,2026-09-10T20:30:00+00:00,9a04d0183803c51cf7e4e9c75feb228f3f30e1288ee8c875bd6578656bfb9e35
EV00270,CASE001,TELECOM,cdr.csv,CDR00149,2026-09-10T20:30:00+00:00,9a04d0183803c51cf7e4e9c75feb228f3f30e1288ee8c875bd6578656bfb9e35
EV00271,CASE001,TELECOM,cdr.csv,CDR00150,2026-09-10T20:30:00+00:00,9a04d0183803c51cf7e4e9c75feb228f3f30e1288ee8c875bd6578656bfb9e35
EV00272,CASE001,TELECOM,cdr.csv,CDR00151,2026-09-10T20:30:00+00:00,9a04d0183803c51cf7e4e9c75feb228f3f30e1288ee8c875bd6578656bfb9e35
EV00273,CASE001,TELECOM,cdr.csv,CDR00152,2026-09-10T20:30:00+00:00,9a04d0183803c51cf7e4e9c75feb228f3f30e1288ee8c875bd6578656bfb9e35
EV00274,CASE001,TELECOM,cdr.csv,CDR00153,2026-09-10T20:30:00+00:00,9a04d0183803c51cf7e4e9c75feb228f3f30e1288ee8c875bd6578656bfb9e35
EV00275,CASE001,TELECOM,cdr.csv,CDR00154,2026-09-10T20:30:00+00:00,9a04d0183803c51cf7e4e9c75feb228f3f30e1288ee8c875bd6578656bfb9e35
EV00276,CASE001,TELECOM,cdr.csv,CDR00155,2026-09-10T20:30:00+00:00,9a04d0183803c51cf7e4e9c75feb228f3f30e1288ee8c875bd6578656bfb9e35
EV00277,CASE001,TELECOM,cdr.csv,CDR00156,2026-09-10T20:30:00+00:00,9a04d0183803c51cf7e4e9c75feb228f3f30e1288ee8c875bd6578656bfb9e35
EV00278,CASE001,TELECOM,cdr.csv,CDR00157,2026-09-10T20:30:00+00:00,9a04d0183803c51cf7e4e9c75feb228f3f30e1288ee8c875bd6578656bfb9e35
EV00279,CASE001,TELECOM,cdr.csv,CDR00158,2026-09-10T20:30:00+00:00,9a04d0183803c51cf7e4e9c75feb228f3f30e1288ee8c875bd6578656bfb9e35
EV00280,CASE001,TELECOM,cdr.csv,CDR00159,2026-09-10T20:30:00+00:00,9a04d0183803c51cf7e4e9c75feb228f3f30e1288ee8c875bd6578656bfb9e35
EV00281,CASE001,TELECOM,cdr.csv,CDR00160,2026-09-10T20:30:00+00:00,9a04d0183803c51cf7e4e9c75feb228f3f30e1288ee8c875bd6578656bfb9e35
EV00282,CASE001,TELECOM,cdr.csv,CDR00161,2026-09-10T20:30:00+00:00,9a04d0183803c51cf7e4e9c75feb228f3f30e1288ee8c875bd6578656bfb9e35
EV00283,CASE001,TELECOM,cdr.csv,CDR00162,2026-09-10T20:30:00+00:00,9a04d0183803c51cf7e4e9c75feb228f3f30e1288ee8c875bd6578656bfb9e35
EV00284,CASE001,TELECOM,cdr.csv,CDR00163,2026-09-10T20:30:00+00:00,9a04d0183803c51cf7e4e9c75feb228f3f30e1288ee8c875bd6578656bfb9e35
EV00285,CASE001,TELECOM,cdr.csv,CDR00164,2026-09-10T20:30:00+00:00,9a04d0183803c51cf7e4e9c75feb228f3f30e1288ee8c875bd6578656bfb9e35
EV00286,CASE001,TELECOM,cdr.csv,CDR00165,2026-09-10T20:30:00+00:00,9a04d0183803c51cf7e4e9c75feb228f3f30e1288ee8c875bd6578656bfb9e35
EV00287,CASE001,TELECOM,cdr.csv,CDR00166,2026-09-10T20:30:00+00:00,9a04d0183803c51cf7e4e9c75feb228f3f30e1288ee8c875bd6578656bfb9e35
EV00288,CASE001,TELECOM,cdr.csv,CDR00167,2026-09-10T20:30:00+00:00,9a04d0183803c51cf7e4e9c75feb228f3f30e1288ee8c875bd6578656bfb9e35
EV00289,CASE001,TELECOM,cdr.csv,CDR00168,2026-09-10T20:30:00+00:00,9a04d0183803c51cf7e4e9c75feb228f3f30e1288ee8c875bd6578656bfb9e35
EV00290,CASE001,TELECOM,cdr.csv,CDR00169,2026-09-10T20:30:00+00:00,9a04d0183803c51cf7e4e9c75feb228f3f30e1288ee8c875bd6578656bfb9e35
EV00291,CASE001,TELECOM,cdr.csv,CDR00170,2026-09-10T20:30:00+00:00,9a04d0183803c51cf7e4e9c75feb228f3f30e1288ee8c875bd6578656bfb9e35
EV00292,CASE001,TELECOM,cdr.csv,CDR00171,2026-09-10T20:30:00+00:00,9a04d0183803c51cf7e4e9c75feb228f3f30e1288ee8c875bd6578656bfb9e35
EV00293,CASE001,TELECOM,cdr.csv,CDR00172,2026-09-10T20:30:00+00:00,9a04d0183803c51cf7e4e9c75feb228f3f30e1288ee8c875bd6578656bfb9e35
EV00294,CASE001,TELECOM,cdr.csv,CDR00173,2026-09-10T20:30:00+00:00,9a04d0183803c51cf7e4e9c75feb228f3f30e1288ee8c875bd6578656bfb9e35
EV00295,CASE001,TELECOM,cdr.csv,CDR00174,2026-09-10T20:30:00+00:00,9a04d0183803c51cf7e4e9c75feb228f3f30e1288ee8c875bd6578656bfb9e35
EV00296,CASE001,TELECOM,cdr.csv,CDR00175,2026-09-10T20:30:00+00:00,9a04d0183803c51cf7e4e9c75feb228f3f30e1288ee8c875bd6578656bfb9e35
EV00297,CASE001,TELECOM,cdr.csv,CDR00176,2026-09-10T20:30:00+00:00,9a04d0183803c51cf7e4e9c75feb228f3f30e1288ee8c875bd6578656bfb9e35
EV00298,CASE001,TELECOM,cdr.csv,CDR00177,2026-09-10T20:30:00+00:00,9a04d0183803c51cf7e4e9c75feb228f3f30e1288ee8c875bd6578656bfb9e35
EV00299,CASE001,TELECOM,cdr.csv,CDR00178,2026-09-10T20:30:00+00:00,9a04d0183803c51cf7e4e9c75feb228f3f30e1288ee8c875bd6578656bfb9e35
EV00300,CASE001,TELECOM,cdr.csv,CDR00179,2026-09-10T20:30:00+00:00,9a04d0183803c51cf7e4e9c75feb228f3f30e1288ee8c875bd6578656bfb9e35
EV00301,CASE001,TELECOM,cdr.csv,CDR00180,2026-09-10T20:30:00+00:00,9a04d0183803c51cf7e4e9c75feb228f3f30e1288ee8c875bd6578656bfb9e35
EV00302,CASE001,TELECOM,cdr.csv,CDR00181,2026-09-10T20:30:00+00:00,9a04d0183803c51cf7e4e9c75feb228f3f30e1288ee8c875bd6578656bfb9e35
EV00303,CASE001,TELECOM,cdr.csv,CDR00182,2026-09-10T20:30:00+00:00,9a04d0183803c51cf7e4e9c75feb228f3f30e1288ee8c875bd6578656bfb9e35
EV00304,CASE001,TELECOM,cdr.csv,CDR00183,2026-09-10T20:30:00+00:00,9a04d0183803c51cf7e4e9c75feb228f3f30e1288ee8c875bd6578656bfb9e35
EV00305,CASE001,TELECOM,cdr.csv,CDR00184,2026-09-10T20:30:00+00:00,9a04d0183803c51cf7e4e9c75feb228f3f30e1288ee8c875bd6578656bfb9e35
EV00306,CASE001,TELECOM,cdr.csv,CDR00185,2026-09-10T20:30:00+00:00,9a04d0183803c51cf7e4e9c75feb228f3f30e1288ee8c875bd6578656bfb9e35
EV00307,CASE001,TELECOM,cdr.csv,CDR00186,2026-09-10T20:30:00+00:00,9a04d0183803c51cf7e4e9c75feb228f3f30e1288ee8c875bd6578656bfb9e35
EV00308,CASE001,TELECOM,cdr.csv,CDR00187,2026-09-10T20:30:00+00:00,9a04d0183803c51cf7e4e9c75feb228f3f30e1288ee8c875bd6578656bfb9e35
EV00309,CASE001,TELECOM,cdr.csv,CDR00188,2026-09-10T20:30:00+00:00,9a04d0183803c51cf7e4e9c75feb228f3f30e1288ee8c875bd6578656bfb9e35
EV00310,CASE001,TELECOM,cdr.csv,CDR00189,2026-09-10T20:30:00+00:00,9a04d0183803c51cf7e4e9c75feb228f3f30e1288ee8c875bd6578656bfb9e35
EV00311,CASE001,TELECOM,cdr.csv,CDR00190,2026-09-10T20:30:00+00:00,9a04d0183803c51cf7e4e9c75feb228f3f30e1288ee8c875bd6578656bfb9e35
EV00312,CASE001,TELECOM,cdr.csv,CDR00191,2026-09-10T20:30:00+00:00,9a04d0183803c51cf7e4e9c75feb228f3f30e1288ee8c875bd6578656bfb9e35
EV00313,CASE001,TELECOM,cdr.csv,CDR00192,2026-09-10T20:30:00+00:00,9a04d0183803c51cf7e4e9c75feb228f3f30e1288ee8c875bd6578656bfb9e35
EV00314,CASE001,TELECOM,cdr.csv,CDR00193,2026-09-10T20:30:00+00:00,9a04d0183803c51cf7e4e9c75feb228f3f30e1288ee8c875bd6578656bfb9e35
EV00315,CASE001,TELECOM,cdr.csv,CDR00194,2026-09-10T20:30:00+00:00,9a04d0183803c51cf7e4e9c75feb228f3f30e1288ee8c875bd6578656bfb9e35
EV00316,CASE001,TELECOM,cdr.csv,CDR00195,2026-09-10T20:30:00+00:00,9a04d0183803c51cf7e4e9c75feb228f3f30e1288ee8c875bd6578656bfb9e35
EV00317,CASE001,TELECOM,cdr.csv,CDR00196,2026-09-10T20:30:00+00:00,9a04d0183803c51cf7e4e9c75feb228f3f30e1288ee8c875bd6578656bfb9e35
EV00318,CASE001,TELECOM,cdr.csv,CDR00197,2026-09-10T20:30:00+00:00,9a04d0183803c51cf7e4e9c75feb228f3f30e1288ee8c875bd6578656bfb9e35
EV00319,CASE001,TELECOM,cdr.csv,CDR00198,2026-09-10T20:30:00+00:00,9a04d0183803c51cf7e4e9c75feb228f3f30e1288ee8c875bd6578656bfb9e35
EV00320,CASE001,TELECOM,cdr.csv,CDR00199,2026-09-10T20:30:00+00:00,9a04d0183803c51cf7e4e9c75feb228f3f30e1288ee8c875bd6578656bfb9e35
EV00321,CASE001,TELECOM,cdr.csv,CDR00200,2026-09-10T20:30:00+00:00,9a04d0183803c51cf7e4e9c75feb228f3f30e1288ee8c875bd6578656bfb9e35
EV00322,CASE001,TELECOM,cdr.csv,CDR00201,2026-09-10T20:30:00+00:00,9a04d0183803c51cf7e4e9c75feb228f3f30e1288ee8c875bd6578656bfb9e35
EV00323,CASE001,TELECOM,cdr.csv,CDR00202,2026-09-10T20:30:00+00:00,9a04d0183803c51cf7e4e9c75feb228f3f30e1288ee8c875bd6578656bfb9e35
EV00324,CASE001,TELECOM,cdr.csv,CDR00203,2026-09-10T20:30:00+00:00,9a04d0183803c51cf7e4e9c75feb228f3f30e1288ee8c875bd6578656bfb9e35
EV00325,CASE001,TELECOM,cdr.csv,CDR00204,2026-09-10T20:30:00+00:00,9a04d0183803c51cf7e4e9c75feb228f3f30e1288ee8c875bd6578656bfb9e35
EV00326,CASE001,TELECOM,cdr.csv,CDR00205,2026-09-10T20:30:00+00:00,9a04d0183803c51cf7e4e9c75feb228f3f30e1288ee8c875bd6578656bfb9e35
EV00327,CASE001,TELECOM,cdr.csv,CDR00206,2026-09-10T20:30:00+00:00,9a04d0183803c51cf7e4e9c75feb228f3f30e1288ee8c875bd6578656bfb9e35
EV00328,CASE001,TELECOM,cdr.csv,CDR00207,2026-09-10T20:30:00+00:00,9a04d0183803c51cf7e4e9c75feb228f3f30e1288ee8c875bd6578656bfb9e35
EV00329,CASE001,TELECOM,cdr.csv,CDR00208,2026-09-10T20:30:00+00:00,9a04d0183803c51cf7e4e9c75feb228f3f30e1288ee8c875bd6578656bfb9e35
EV00330,CASE001,TELECOM,cdr.csv,CDR00209,2026-09-10T20:30:00+00:00,9a04d0183803c51cf7e4e9c75feb228f3f30e1288ee8c875bd6578656bfb9e35
EV00331,CASE001,TELECOM,cdr.csv,CDR00210,2026-09-10T20:30:00+00:00,9a04d0183803c51cf7e4e9c75feb228f3f30e1288ee8c875bd6578656bfb9e35
EV00332,CASE001,TELECOM,cdr.csv,CDR00211,2026-09-10T20:30:00+00:00,9a04d0183803c51cf7e4e9c75feb228f3f30e1288ee8c875bd6578656bfb9e35
EV00333,CASE001,TELECOM,cdr.csv,CDR00212,2026-09-10T20:30:00+00:00,9a04d0183803c51cf7e4e9c75feb228f3f30e1288ee8c875bd6578656bfb9e35
EV00334,CASE001,TELECOM,cdr.csv,CDR00213,2026-09-10T20:30:00+00:00,9a04d0183803c51cf7e4e9c75feb228f3f30e1288ee8c875bd6578656bfb9e35
EV00335,CASE001,TELECOM,sim_events.csv,SIM0001,2026-09-10T20:30:00+00:00,93acf11f5796366f58ace39c3bfc1e8dd0456301908f5248eeab7bacd46aac5d
EV00336,CASE001,TELECOM,sim_events.csv,SIM0002,2026-09-10T20:30:00+00:00,93acf11f5796366f58ace39c3bfc1e8dd0456301908f5248eeab7bacd46aac5d
EV00337,CASE001,TELECOM,sim_events.csv,SIM0003,2026-09-10T20:30:00+00:00,93acf11f5796366f58ace39c3bfc1e8dd0456301908f5248eeab7bacd46aac5d
EV00338,CASE001,TELECOM,sim_events.csv,SIM0004,2026-09-10T20:30:00+00:00,93acf11f5796366f58ace39c3bfc1e8dd0456301908f5248eeab7bacd46aac5d
EV00339,CASE001,TELECOM,sim_events.csv,SIM0005,2026-09-10T20:30:00+00:00,93acf11f5796366f58ace39c3bfc1e8dd0456301908f5248eeab7bacd46aac5d
EV00340,CASE001,DEVICE,devices.csv,D-312447,2026-09-10T20:30:00+00:00,29f5ff733e16e6ff6bb9bcb3129a88c1cbeb35c9489fcaf91c325580cf759a08
EV00341,CASE001,DEVICE,devices.csv,D-312447,2026-09-10T20:30:00+00:00,29f5ff733e16e6ff6bb9bcb3129a88c1cbeb35c9489fcaf91c325580cf759a08
EV00342,CASE001,DEVICE,devices.csv,D-814535,2026-09-10T20:30:00+00:00,29f5ff733e16e6ff6bb9bcb3129a88c1cbeb35c9489fcaf91c325580cf759a08
EV00343,CASE001,DEVICE,devices.csv,D-788566,2026-09-10T20:30:00+00:00,29f5ff733e16e6ff6bb9bcb3129a88c1cbeb35c9489fcaf91c325580cf759a08
EV00344,CASE001,DEVICE,devices.csv,D-914767,2026-09-10T20:30:00+00:00,29f5ff733e16e6ff6bb9bcb3129a88c1cbeb35c9489fcaf91c325580cf759a08
EV00345,CASE001,DEVICE,devices.csv,D-359115,2026-09-10T20:30:00+00:00,29f5ff733e16e6ff6bb9bcb3129a88c1cbeb35c9489fcaf91c325580cf759a08
EV00346,CASE001,DEVICE,devices.csv,D-713398,2026-09-10T20:30:00+00:00,29f5ff733e16e6ff6bb9bcb3129a88c1cbeb35c9489fcaf91c325580cf759a08
EV00347,CASE001,DEVICE,devices.csv,D-586553,2026-09-10T20:30:00+00:00,29f5ff733e16e6ff6bb9bcb3129a88c1cbeb35c9489fcaf91c325580cf759a08
EV00348,CASE001,DEVICE,devices.csv,D-189381,2026-09-10T20:30:00+00:00,29f5ff733e16e6ff6bb9bcb3129a88c1cbeb35c9489fcaf91c325580cf759a08
EV00349,CASE001,DEVICE,devices.csv,D-498119,2026-09-10T20:30:00+00:00,29f5ff733e16e6ff6bb9bcb3129a88c1cbeb35c9489fcaf91c325580cf759a08
EV00350,CASE001,DEVICE,devices.csv,D-414355,2026-09-10T20:30:00+00:00,29f5ff733e16e6ff6bb9bcb3129a88c1cbeb35c9489fcaf91c325580cf759a08
EV00351,CASE001,DEVICE,devices.csv,D-924956,2026-09-10T20:30:00+00:00,29f5ff733e16e6ff6bb9bcb3129a88c1cbeb35c9489fcaf91c325580cf759a08
EV00352,CASE001,DEVICE,devices.csv,D-001566,2026-09-10T20:30:00+00:00,29f5ff733e16e6ff6bb9bcb3129a88c1cbeb35c9489fcaf91c325580cf759a08
EV00353,CASE001,DEVICE,devices.csv,D-169703,2026-09-10T20:30:00+00:00,29f5ff733e16e6ff6bb9bcb3129a88c1cbeb35c9489fcaf91c325580cf759a08
EV00354,CASE001,DEVICE,devices.csv,D-761837,2026-09-10T20:30:00+00:00,29f5ff733e16e6ff6bb9bcb3129a88c1cbeb35c9489fcaf91c325580cf759a08
EV00355,CASE001,DEVICE,devices.csv,D-385516,2026-09-10T20:30:00+00:00,29f5ff733e16e6ff6bb9bcb3129a88c1cbeb35c9489fcaf91c325580cf759a08
EV00356,CASE001,DEVICE,devices.csv,D-204224,2026-09-10T20:30:00+00:00,29f5ff733e16e6ff6bb9bcb3129a88c1cbeb35c9489fcaf91c325580cf759a08
EV00357,CASE001,DEVICE,devices.csv,D-674609,2026-09-10T20:30:00+00:00,29f5ff733e16e6ff6bb9bcb3129a88c1cbeb35c9489fcaf91c325580cf759a08
EV00358,CASE001,DEVICE,devices.csv,D-533060,2026-09-10T20:30:00+00:00,29f5ff733e16e6ff6bb9bcb3129a88c1cbeb35c9489fcaf91c325580cf759a08
EV00359,CASE001,DEVICE,devices.csv,D-734170,2026-09-10T20:30:00+00:00,29f5ff733e16e6ff6bb9bcb3129a88c1cbeb35c9489fcaf91c325580cf759a08
EV00360,CASE001,DEVICE,devices.csv,D-412926,2026-09-10T20:30:00+00:00,29f5ff733e16e6ff6bb9bcb3129a88c1cbeb35c9489fcaf91c325580cf759a08
EV00361,CASE001,DEVICE,devices.csv,D-391314,2026-09-10T20:30:00+00:00,29f5ff733e16e6ff6bb9bcb3129a88c1cbeb35c9489fcaf91c325580cf759a08
EV00362,CASE001,DEVICE,devices.csv,D-809574,2026-09-10T20:30:00+00:00,29f5ff733e16e6ff6bb9bcb3129a88c1cbeb35c9489fcaf91c325580cf759a08
EV00363,CASE001,DEVICE,devices.csv,D-909938,2026-09-10T20:30:00+00:00,29f5ff733e16e6ff6bb9bcb3129a88c1cbeb35c9489fcaf91c325580cf759a08
EV00364,CASE001,DEVICE,devices.csv,D-060739,2026-09-10T20:30:00+00:00,29f5ff733e16e6ff6bb9bcb3129a88c1cbeb35c9489fcaf91c325580cf759a08
EV00365,CASE001,DEVICE,devices.csv,D-607359,2026-09-10T20:30:00+00:00,29f5ff733e16e6ff6bb9bcb3129a88c1cbeb35c9489fcaf91c325580cf759a08
EV00366,CASE001,DEVICE,devices.csv,D-851003,2026-09-10T20:30:00+00:00,29f5ff733e16e6ff6bb9bcb3129a88c1cbeb35c9489fcaf91c325580cf759a08
EV00367,CASE001,DEVICE,devices.csv,D-261565,2026-09-10T20:30:00+00:00,29f5ff733e16e6ff6bb9bcb3129a88c1cbeb35c9489fcaf91c325580cf759a08
